window,step,test_patient,train_shape,test_shape,train_lable_count,test_label_count,accuracy,f1_score,precision,recall,conf_matrix,clf_report,loss
200,20,G04,"(38905, 25)","(1470, 25)","{0.0: 28516, 1.0: 10389}","{1.0: 1029, 0.0: 441}",0.3353783190250397,0.3376358449459076,0.3353783190250397,0.3353783190250397,"[[389  49]
 [926 103]]","{'0': {'precision': 0.29581749049429656, 'recall': 0.8881278538812786, 'f1-score': 0.4438106103822019, 'support': 438}, '1': {'precision': 0.6776315789473685, 'recall': 0.1000971817298348, 'f1-score': 0.17442845046570704, 'support': 1029}, 'accuracy': 0.33537832310838445, 'macro avg': {'precision': 0.48672453472083255, 'recall': 0.4941125178055567, 'f1-score': 0.30911953042395446, 'support': 1467}, 'weighted avg': {'precision': 0.5636339165462468, 'recall': 0.33537832310838445, 'f1-score': 0.2548574798068282, 'support': 1467}}",2.736651659011841
200,20,G05,"(39417, 25)","(958, 25)","{0.0: 27999, 1.0: 11418}",{0.0: 958},0.9172775149345398,0.916825532913208,0.9172775149345398,0.9172775149345398,"[[876  79]
 [  0   0]]","{'0': {'precision': 1.0, 'recall': 0.9172774869109948, 'f1-score': 0.9568541780447842, 'support': 955}, '1': {'precision': 0.0, 'recall': 0.0, 'f1-score': 0.0, 'support': 0}, 'accuracy': 0.9172774869109948, 'macro avg': {'precision': 0.5, 'recall': 0.4586387434554974, 'f1-score': 0.4784270890223921, 'support': 955}, 'weighted avg': {'precision': 1.0, 'recall': 0.9172774869109948, 'f1-score': 0.9568541780447842, 'support': 955}}",0.20052915811538696
200,20,G06,"(39433, 25)","(942, 25)","{0.0: 28312, 1.0: 11121}","{0.0: 645, 1.0: 297}",0.7241746783256531,0.7225775122642517,0.7241746783256531,0.7241746783256531,"[[563  79]
 [180 117]]","{'0': {'precision': 0.7577388963660835, 'recall': 0.8769470404984424, 'f1-score': 0.8129963898916969, 'support': 642}, '1': {'precision': 0.5969387755102041, 'recall': 0.3939393939393939, 'f1-score': 0.4746450304259635, 'support': 297}, 'accuracy': 0.724174653887114, 'macro avg': {'precision': 0.6773388359381438, 'recall': 0.6354432172189182, 'f1-score': 0.6438207101588302, 'support': 939}, 'weighted avg': {'precision': 0.7068787942423389, 'recall': 0.724174653887114, 'f1-score': 0.7059779087827269, 'support': 939}}",0.7717993259429932
200,20,G07,"(38776, 25)","(1599, 25)","{0.0: 28683, 1.0: 10093}","{1.0: 1325, 0.0: 274}",0.27130326628685,0.2726666331291199,0.27130326628685,0.27130326628685,"[[ 227   44]
 [1119  206]]","{'0': {'precision': 0.1686478454680535, 'recall': 0.8376383763837638, 'f1-score': 0.28076685219542363, 'support': 271}, '1': {'precision': 0.824, 'recall': 0.15547169811320755, 'f1-score': 0.2615873015873016, 'support': 1325}, 'accuracy': 0.27130325814536344, 'macro avg': {'precision': 0.4963239227340267, 'recall': 0.4965550372484857, 'f1-score': 0.2711770768913626, 'support': 1596}, 'weighted avg': {'precision': 0.7127215326577959, 'recall': 0.27130325814536344, 'f1-score': 0.2648439796667509, 'support': 1596}}",1.1772080659866333
200,20,G08,"(34516, 25)","(5859, 25)","{0.0: 28491, 1.0: 6025}","{1.0: 5393, 0.0: 466}",0.07906420528888702,0.08406928926706314,0.07906420528888702,0.07906420528888702,"[[ 463    0]
 [5393    0]]","{'0': {'precision': 0.07906420765027322, 'recall': 1.0, 'f1-score': 0.1465421743946827, 'support': 463}, '1': {'precision': 0.0, 'recall': 0.0, 'f1-score': 0.0, 'support': 5393}, 'accuracy': 0.07906420765027322, 'macro avg': {'precision': 0.03953210382513661, 'recall': 0.5, 'f1-score': 0.07327108719734135, 'support': 5856}, 'weighted avg': {'precision': 0.006251148931365523, 'recall': 0.07906420765027322, 'f1-score': 0.011586240905863746, 'support': 5856}}",0.8830022215843201
200,20,G09,"(39154, 25)","(1221, 25)","{0.0: 27736, 1.0: 11418}",{0.0: 1221},0.9852216839790344,0.9859374761581421,0.9852216839790344,0.9852216839790344,"[[1200   18]
 [   0    0]]","{'0': {'precision': 1.0, 'recall': 0.9852216748768473, 'f1-score': 0.9925558312655086, 'support': 1218}, '1': {'precision': 0.0, 'recall': 0.0, 'f1-score': 0.0, 'support': 0}, 'accuracy': 0.9852216748768473, 'macro avg': {'precision': 0.5, 'recall': 0.49261083743842365, 'f1-score': 0.4962779156327543, 'support': 1218}, 'weighted avg': {'precision': 1.0, 'recall': 0.9852216748768473, 'f1-score': 0.9925558312655085, 'support': 1218}}",0.052399978041648865
200,20,G11,"(39594, 25)","(781, 25)","{0.0: 28311, 1.0: 11283}","{0.0: 646, 1.0: 135}",0.9331619739532471,0.9180288314819336,0.9331619739532471,0.9331619739532471,"[[597  46]
 [  6 129]]","{'0': {'precision': 0.9900497512437811, 'recall': 0.9284603421461898, 'f1-score': 0.9582664526484752, 'support': 643}, '1': {'precision': 0.7371428571428571, 'recall': 0.9555555555555556, 'f1-score': 0.8322580645161289, 'support': 135}, 'accuracy': 0.9331619537275064, 'macro avg': {'precision': 0.8635963041933191, 'recall': 0.9420079488508727, 'f1-score': 0.895262258582302, 'support': 778}, 'weighted avg': {'precision': 0.9461648788740836, 'recall': 0.9331619537275064, 'f1-score': 0.9364012439108573, 'support': 778}}",0.1902163177728653
200,20,P231,"(38817, 25)","(1558, 25)","{0.0: 27399, 1.0: 11418}",{0.0: 1558},0.9987138509750366,0.9987499713897705,0.9987138509750366,0.9987138509750366,"[[1553    2]
 [   0    0]]","{'0': {'precision': 1.0, 'recall': 0.9987138263665595, 'f1-score': 0.9993564993564993, 'support': 1555}, '1': {'precision': 0.0, 'recall': 0.0, 'f1-score': 0.0, 'support': 0}, 'accuracy': 0.9987138263665595, 'macro avg': {'precision': 0.5, 'recall': 0.49935691318327974, 'f1-score': 0.49967824967824964, 'support': 1555}, 'weighted avg': {'precision': 1.0, 'recall': 0.9987138263665595, 'f1-score': 0.9993564993564992, 'support': 1555}}",0.01994946226477623
200,20,P351,"(34574, 25)","(5801, 25)","{0.0: 23156, 1.0: 11418}",{0.0: 5801},0.9460158944129944,0.9462568759918213,0.9460158944129944,0.9460158944129944,"[[5485  313]
 [   0    0]]","{'0': {'precision': 1.0, 'recall': 0.9460158675405312, 'f1-score': 0.972259150935035, 'support': 5798}, '1': {'precision': 0.0, 'recall': 0.0, 'f1-score': 0.0, 'support': 0}, 'accuracy': 0.9460158675405312, 'macro avg': {'precision': 0.5, 'recall': 0.4730079337702656, 'f1-score': 0.4861295754675175, 'support': 5798}, 'weighted avg': {'precision': 1.0, 'recall': 0.9460158675405312, 'f1-score': 0.972259150935035, 'support': 5798}}",0.08733584731817245
200,20,P379,"(38211, 25)","(2164, 25)","{0.0: 27461, 1.0: 10750}","{0.0: 1496, 1.0: 668}",0.850994884967804,0.850193202495575,0.850994884967804,0.850994884967804,"[[1443   50]
 [ 272  396]]","{'0': {'precision': 0.841399416909621, 'recall': 0.9665103817816477, 'f1-score': 0.8996259351620947, 'support': 1493}, '1': {'precision': 0.8878923766816144, 'recall': 0.592814371257485, 'f1-score': 0.710951526032316, 'support': 668}, 'accuracy': 0.8509949097639982, 'macro avg': {'precision': 0.8646458967956177, 'recall': 0.7796623765195664, 'f1-score': 0.8052887305972054, 'support': 2161}, 'weighted avg': {'precision': 0.8557711416332171, 'recall': 0.8509949097639982, 'f1-score': 0.841303628221469, 'support': 2161}}",0.8258832693099976
200,20,P551,"(38541, 25)","(1834, 25)","{0.0: 28641, 1.0: 9900}","{1.0: 1518, 0.0: 316}",0.8225013613700867,0.8148761987686157,0.8225013613700867,0.8225013613700867,"[[ 186  127]
 [ 198 1320]]","{'0': {'precision': 0.484375, 'recall': 0.5942492012779552, 'f1-score': 0.533715925394548, 'support': 313}, '1': {'precision': 0.912232204561161, 'recall': 0.8695652173913043, 'f1-score': 0.8903878583473861, 'support': 1518}, 'accuracy': 0.8225013653741126, 'macro avg': {'precision': 0.6983036022805805, 'recall': 0.7319072093346297, 'f1-score': 0.7120518918709671, 'support': 1831}, 'weighted avg': {'precision': 0.8390922236613012, 'recall': 0.8225013653741126, 'f1-score': 0.8294166322336567, 'support': 1831}}",0.6735876798629761
200,20,P623,"(39336, 25)","(1039, 25)","{0.0: 27918, 1.0: 11418}",{0.0: 1039},1.0,1.0,1.0,1.0,"[[1036    0]
 [   0    0]]","{'0': {'precision': 1.0, 'recall': 1.0, 'f1-score': 1.0, 'support': 1036}, 'accuracy': 1.0, 'macro avg': {'precision': 1.0, 'recall': 1.0, 'f1-score': 1.0, 'support': 1036}, 'weighted avg': {'precision': 1.0, 'recall': 1.0, 'f1-score': 1.0, 'support': 1036}}",0.027664674445986748
200,20,P645,"(38746, 25)","(1629, 25)","{0.0: 27328, 1.0: 11418}",{0.0: 1629},0.9661746621131897,0.9669471383094788,0.9661746621131897,0.9661746621131897,"[[1571   55]
 [   0    0]]","{'0': {'precision': 1.0, 'recall': 0.9661746617466175, 'f1-score': 0.9827963715983734, 'support': 1626}, '1': {'precision': 0.0, 'recall': 0.0, 'f1-score': 0.0, 'support': 0}, 'accuracy': 0.9661746617466175, 'macro avg': {'precision': 0.5, 'recall': 0.48308733087330874, 'f1-score': 0.4913981857991867, 'support': 1626}, 'weighted avg': {'precision': 1.0, 'recall': 0.9661746617466175, 'f1-score': 0.9827963715983734, 'support': 1626}}",0.10692861676216125
200,20,P812,"(33030, 25)","(7345, 25)","{0.0: 22665, 1.0: 10365}","{0.0: 6292, 1.0: 1053}",0.9147371053695679,0.914945662021637,0.9147371053695679,0.9147371053695679,"[[6181  108]
 [ 518  535]]","{'0': {'precision': 0.922675026123302, 'recall': 0.982827158530768, 'f1-score': 0.9518016630736063, 'support': 6289}, '1': {'precision': 0.8320373250388803, 'recall': 0.5080721747388414, 'f1-score': 0.6308962264150942, 'support': 1053}, 'accuracy': 0.9147371288477254, 'macro avg': {'precision': 0.8773561755810911, 'recall': 0.7454496666348047, 'f1-score': 0.7913489447443502, 'support': 7342}, 'weighted avg': {'precision': 0.9096756391385709, 'recall': 0.9147371288477254, 'f1-score': 0.9057769525313272, 'support': 7342}}",0.30352967977523804
200,20,P876,"(39152, 25)","(1223, 25)","{0.0: 27734, 1.0: 11418}",{0.0: 1223},0.8024590015411377,0.764843761920929,0.8024590015411377,0.8024590015411377,"[[979 241]
 [  0   0]]","{'0': {'precision': 1.0, 'recall': 0.8024590163934426, 'f1-score': 0.8904047294224647, 'support': 1220}, '1': {'precision': 0.0, 'recall': 0.0, 'f1-score': 0.0, 'support': 0}, 'accuracy': 0.8024590163934426, 'macro avg': {'precision': 0.5, 'recall': 0.4012295081967213, 'f1-score': 0.44520236471123237, 'support': 1220}, 'weighted avg': {'precision': 1.0, 'recall': 0.8024590163934426, 'f1-score': 0.8904047294224647, 'support': 1220}}",0.23217983543872833
200,20,P940,"(35423, 25)","(4952, 25)","{0.0: 24005, 1.0: 11418}",{0.0: 4952},0.8110729455947876,0.8040865659713745,0.8110729455947876,0.8110729455947876,"[[4014  935]
 [   0    0]]","{'0': {'precision': 1.0, 'recall': 0.8110729440290968, 'f1-score': 0.8956822492469039, 'support': 4949}, '1': {'precision': 0.0, 'recall': 0.0, 'f1-score': 0.0, 'support': 0}, 'accuracy': 0.8110729440290968, 'macro avg': {'precision': 0.5, 'recall': 0.4055364720145484, 'f1-score': 0.44784112462345194, 'support': 4949}, 'weighted avg': {'precision': 1.0, 'recall': 0.8110729440290968, 'f1-score': 0.8956822492469039, 'support': 4949}}",0.2206069827079773
300,30,G04,"(25587, 25)","(974, 25)","{0.0: 18621, 1.0: 6966}","{1.0: 689, 0.0: 285}",0.30690011382102966,0.31924712657928467,0.30690011382102966,0.30690011382102966,"[[217  65]
 [608  81]]","{'0': {'precision': 0.263030303030303, 'recall': 0.7695035460992907, 'f1-score': 0.3920505871725383, 'support': 282}, '1': {'precision': 0.5547945205479452, 'recall': 0.11756168359941944, 'f1-score': 0.19401197604790418, 'support': 689}, 'accuracy': 0.30690010298661174, 'macro avg': {'precision': 0.4089124117891241, 'recall': 0.4435326148493551, 'f1-score': 0.29303128161022124, 'support': 971}, 'weighted avg': {'precision': 0.4700597014542531, 'recall': 0.30690010298661174, 'f1-score': 0.25152679410881745, 'support': 971}}",2.640001058578491
300,30,G05,"(25933, 25)","(628, 25)","{0.0: 18278, 1.0: 7655}",{0.0: 628},0.7376000285148621,0.7231823801994324,0.7376000285148621,0.7376000285148621,"[[461 164]
 [  0   0]]","{'0': {'precision': 1.0, 'recall': 0.7376, 'f1-score': 0.848987108655617, 'support': 625}, '1': {'precision': 0.0, 'recall': 0.0, 'f1-score': 0.0, 'support': 0}, 'accuracy': 0.7376, 'macro avg': {'precision': 0.5, 'recall': 0.3688, 'f1-score': 0.4244935543278085, 'support': 625}, 'weighted avg': {'precision': 1.0, 'recall': 0.7376, 'f1-score': 0.848987108655617, 'support': 625}}",0.28954237699508667
300,30,G06,"(25942, 25)","(619, 25)","{0.0: 18490, 1.0: 7452}","{0.0: 416, 1.0: 203}",0.7207792401313782,0.7096875309944153,0.7207792401313782,0.7207792401313782,"[[315  98]
 [ 74 129]]","{'0': {'precision': 0.8097686375321337, 'recall': 0.7627118644067796, 'f1-score': 0.7855361596009977, 'support': 413}, '1': {'precision': 0.5682819383259912, 'recall': 0.6354679802955665, 'f1-score': 0.6, 'support': 203}, 'accuracy': 0.7207792207792207, 'macro avg': {'precision': 0.6890252879290624, 'recall': 0.6990899223511731, 'f1-score': 0.6927680798004988, 'support': 616}, 'weighted avg': {'precision': 0.7301877934755641, 'recall': 0.7207792207792207, 'f1-score': 0.7243935615506689, 'support': 616}}",0.7102393507957458
300,30,G07,"(25498, 25)","(1063, 25)","{0.0: 18726, 1.0: 6772}","{1.0: 883, 0.0: 180}",0.8773584961891174,0.8562091588973999,0.8773584961891174,0.8773584961891174,"[[ 59 118]
 [ 12 871]]","{'0': {'precision': 0.8309859154929577, 'recall': 0.3333333333333333, 'f1-score': 0.47580645161290325, 'support': 177}, '1': {'precision': 0.8806875631951466, 'recall': 0.986409966024915, 'f1-score': 0.9305555555555555, 'support': 883}, 'accuracy': 0.8773584905660378, 'macro avg': {'precision': 0.8558367393440522, 'recall': 0.6598716496791242, 'f1-score': 0.7031810035842294, 'support': 1060}, 'weighted avg': {'precision': 0.8723883257958188, 'recall': 0.8773584905660378, 'f1-score': 0.854621035368905, 'support': 1060}}",0.5408304333686829
300,30,G08,"(22661, 25)","(3900, 25)","{0.0: 18603, 1.0: 4058}","{1.0: 3597, 0.0: 303}",0.09494482725858688,0.0963788628578186,0.09494482725858688,0.09494482725858688,"[[ 286   14]
 [3513   84]]","{'0': {'precision': 0.0752829692024217, 'recall': 0.9533333333333334, 'f1-score': 0.13954623078799708, 'support': 300}, '1': {'precision': 0.8571428571428571, 'recall': 0.02335279399499583, 'f1-score': 0.04546684709066306, 'support': 3597}, 'accuracy': 0.0949448293559148, 'macro avg': {'precision': 0.4662129131726394, 'recall': 0.4883430636641646, 'f1-score': 0.09250653893933007, 'support': 3897}, 'weighted avg': {'precision': 0.7969534893260414, 'recall': 0.0949448293559148, 'f1-score': 0.052709293872597936, 'support': 3897}}",0.8620417714118958
300,30,G09,"(25759, 25)","(802, 25)","{0.0: 18104, 1.0: 7655}",{0.0: 802},0.9086357951164246,0.8841113448143005,0.9086357951164246,0.9086357951164246,"[[726  73]
 [  0   0]]","{'0': {'precision': 1.0, 'recall': 0.9086357947434293, 'f1-score': 0.9521311475409836, 'support': 799}, '1': {'precision': 0.0, 'recall': 0.0, 'f1-score': 0.0, 'support': 0}, 'accuracy': 0.9086357947434293, 'macro avg': {'precision': 0.5, 'recall': 0.45431789737171463, 'f1-score': 0.4760655737704918, 'support': 799}, 'weighted avg': {'precision': 1.0, 'recall': 0.9086357947434293, 'f1-score': 0.9521311475409836, 'support': 799}}",0.1371597796678543
300,30,G11,"(26049, 25)","(512, 25)","{0.0: 18489, 1.0: 7560}","{0.0: 417, 1.0: 95}",0.9096267223358154,0.9087153673171997,0.9096267223358154,0.9096267223358154,"[[369  45]
 [  1  94]]","{'0': {'precision': 0.9972972972972973, 'recall': 0.8913043478260869, 'f1-score': 0.9413265306122449, 'support': 414}, '1': {'precision': 0.6762589928057554, 'recall': 0.9894736842105263, 'f1-score': 0.8034188034188035, 'support': 95}, 'accuracy': 0.9096267190569745, 'macro avg': {'precision': 0.8367781450515264, 'recall': 0.9403890160183066, 'f1-score': 0.8723726670155242, 'support': 509}, 'weighted avg': {'precision': 0.9373785567733357, 'recall': 0.9096267190569745, 'f1-score': 0.9155873673836065, 'support': 509}}",0.24987177550792694
300,30,P231,"(25541, 25)","(1020, 25)","{0.0: 17886, 1.0: 7655}",{0.0: 1020},0.9321534037590027,0.9314178824424744,0.9321534037590027,0.9321534037590027,"[[948  69]
 [  0   0]]","{'0': {'precision': 1.0, 'recall': 0.9321533923303835, 'f1-score': 0.9648854961832062, 'support': 1017}, '1': {'precision': 0.0, 'recall': 0.0, 'f1-score': 0.0, 'support': 0}, 'accuracy': 0.9321533923303835, 'macro avg': {'precision': 0.5, 'recall': 0.46607669616519176, 'f1-score': 0.4824427480916031, 'support': 1017}, 'weighted avg': {'precision': 1.0, 'recall': 0.9321533923303835, 'f1-score': 0.9648854961832062, 'support': 1017}}",0.09264755994081497
300,30,P351,"(22765, 25)","(3796, 25)","{0.0: 15110, 1.0: 7655}",{0.0: 3796},0.9549169540405273,0.9554687738418579,0.9549169540405273,0.9549169540405273,"[[3622  171]
 [   0    0]]","{'0': {'precision': 1.0, 'recall': 0.9549169522805168, 'f1-score': 0.9769386378961564, 'support': 3793}, '1': {'precision': 0.0, 'recall': 0.0, 'f1-score': 0.0, 'support': 0}, 'accuracy': 0.9549169522805168, 'macro avg': {'precision': 0.5, 'recall': 0.4774584761402584, 'f1-score': 0.4884693189480782, 'support': 3793}, 'weighted avg': {'precision': 1.0, 'recall': 0.9549169522805168, 'f1-score': 0.9769386378961564, 'support': 3793}}",0.08427400141954422
300,30,P379,"(25146, 25)","(1415, 25)","{0.0: 17930, 1.0: 7216}","{0.0: 976, 1.0: 439}",0.776203989982605,0.7445651888847351,0.776203989982605,0.776203989982605,"[[753 220]
 [ 96 343]]","{'0': {'precision': 0.8869257950530035, 'recall': 0.7738951695786228, 'f1-score': 0.8265642151481888, 'support': 973}, '1': {'precision': 0.6092362344582594, 'recall': 0.7813211845102506, 'f1-score': 0.6846307385229541, 'support': 439}, 'accuracy': 0.7762039660056658, 'macro avg': {'precision': 0.7480810147556314, 'recall': 0.7776081770444367, 'f1-score': 0.7555974768355714, 'support': 1412}, 'weighted avg': {'precision': 0.8005903013553458, 'recall': 0.7762039660056658, 'f1-score': 0.7824361724863771, 'support': 1412}}",0.7522684335708618
300,30,P551,"(25348, 25)","(1213, 25)","{0.0: 18713, 1.0: 6635}","{1.0: 1020, 0.0: 193}",0.8652892708778381,0.8648479580879211,0.8652892708778381,0.8652892708778381,"[[ 53 137]
 [ 26 994]]","{'0': {'precision': 0.6708860759493671, 'recall': 0.2789473684210526, 'f1-score': 0.39405204460966536, 'support': 190}, '1': {'precision': 0.878868258178603, 'recall': 0.9745098039215686, 'f1-score': 0.9242212924221292, 'support': 1020}, 'accuracy': 0.8652892561983471, 'macro avg': {'precision': 0.7748771670639851, 'recall': 0.6267285861713106, 'f1-score': 0.6591366685158973, 'support': 1210}, 'weighted avg': {'precision': 0.8462098989855824, 'recall': 0.8652892561983471, 'f1-score': 0.8409715758234779, 'support': 1210}}",0.5404457449913025
300,30,P623,"(25877, 25)","(684, 25)","{0.0: 18222, 1.0: 7655}",{0.0: 684},0.8634361028671265,0.8615230321884155,0.8634361028671265,0.8634361028671265,"[[588  93]
 [  0   0]]","{'0': {'precision': 1.0, 'recall': 0.8634361233480177, 'f1-score': 0.9267139479905437, 'support': 681}, '1': {'precision': 0.0, 'recall': 0.0, 'f1-score': 0.0, 'support': 0}, 'accuracy': 0.8634361233480177, 'macro avg': {'precision': 0.5, 'recall': 0.43171806167400884, 'f1-score': 0.46335697399527187, 'support': 681}, 'weighted avg': {'precision': 1.0, 'recall': 0.8634361233480177, 'f1-score': 0.9267139479905437, 'support': 681}}",0.15942873060703278
300,30,P645,"(25488, 25)","(1073, 25)","{0.0: 17833, 1.0: 7655}",{0.0: 1073},0.782243013381958,0.7858455777168274,0.782243013381958,0.782243013381958,"[[837 233]
 [  0   0]]","{'0': {'precision': 1.0, 'recall': 0.7822429906542057, 'f1-score': 0.8778185631882538, 'support': 1070}, '1': {'precision': 0.0, 'recall': 0.0, 'f1-score': 0.0, 'support': 0}, 'accuracy': 0.7822429906542057, 'macro avg': {'precision': 0.5, 'recall': 0.39112149532710283, 'f1-score': 0.4389092815941269, 'support': 1070}, 'weighted avg': {'precision': 1.0, 'recall': 0.7822429906542057, 'f1-score': 0.8778185631882538, 'support': 1070}}",0.25800174474716187
300,30,P812,"(21735, 25)","(4826, 25)","{0.0: 14809, 1.0: 6926}","{0.0: 4097, 1.0: 729}",0.7932822108268738,0.7887943387031555,0.7932822108268738,0.7932822108268738,"[[3201  893]
 [ 104  625]]","{'0': {'precision': 0.9685325264750378, 'recall': 0.7818759159745969, 'f1-score': 0.8652520610893363, 'support': 4094}, '1': {'precision': 0.41172595520421607, 'recall': 0.8573388203017832, 'f1-score': 0.5562972852692479, 'support': 729}, 'accuracy': 0.7932821895086046, 'macro avg': {'precision': 0.6901292408396269, 'recall': 0.8196073681381901, 'f1-score': 0.7107746731792921, 'support': 4823}, 'weighted avg': {'precision': 0.8843708033864148, 'recall': 0.7932821895086046, 'f1-score': 0.818553319315991, 'support': 4823}}",0.32621055841445923
300,30,P876,"(25756, 25)","(805, 25)","{0.0: 18101, 1.0: 7655}",{0.0: 805},0.866583526134491,0.8576074242591858,0.866583526134491,0.866583526134491,"[[695 107]
 [  0   0]]","{'0': {'precision': 1.0, 'recall': 0.8665835411471322, 'f1-score': 0.9285237140948563, 'support': 802}, '1': {'precision': 0.0, 'recall': 0.0, 'f1-score': 0.0, 'support': 0}, 'accuracy': 0.8665835411471322, 'macro avg': {'precision': 0.5, 'recall': 0.4332917705735661, 'f1-score': 0.4642618570474282, 'support': 802}, 'weighted avg': {'precision': 1.0, 'recall': 0.8665835411471322, 'f1-score': 0.9285237140948563, 'support': 802}}",0.18044684827327728
300,30,P940,"(23330, 25)","(3231, 25)","{0.0: 15675, 1.0: 7655}",{0.0: 3231},0.9854398965835571,0.9840248823165894,0.9854398965835571,0.9854398965835571,"[[3181   47]
 [   0    0]]","{'0': {'precision': 1.0, 'recall': 0.9854399008674102, 'f1-score': 0.9926665626462787, 'support': 3228}, '1': {'precision': 0.0, 'recall': 0.0, 'f1-score': 0.0, 'support': 0}, 'accuracy': 0.9854399008674102, 'macro avg': {'precision': 0.5, 'recall': 0.4927199504337051, 'f1-score': 0.49633328132313936, 'support': 3228}, 'weighted avg': {'precision': 1.0, 'recall': 0.9854399008674102, 'f1-score': 0.9926665626462787, 'support': 3228}}",0.13478964567184448
400,40,G04,"(18925, 25)","(725, 25)","{0.0: 13689, 1.0: 5236}","{1.0: 519, 0.0: 206}",0.2548476457595825,0.2395833134651184,0.2548476457595825,0.2548476457595825,"[[ 82 121]
 [417 102]]","{'0': {'precision': 0.16432865731462926, 'recall': 0.4039408866995074, 'f1-score': 0.2336182336182336, 'support': 203}, '1': {'precision': 0.45739910313901344, 'recall': 0.19653179190751446, 'f1-score': 0.2749326145552561, 'support': 519}, 'accuracy': 0.2548476454293629, 'macro avg': {'precision': 0.3108638802268213, 'recall': 0.3002363393035109, 'f1-score': 0.25427542408674486, 'support': 722}, 'weighted avg': {'precision': 0.3749984099224622, 'recall': 0.2548476454293629, 'f1-score': 0.26331652130010985, 'support': 722}}",2.1871750354766846
400,40,G05,"(19185, 25)","(465, 25)","{0.0: 13430, 1.0: 5755}",{0.0: 465},0.939393937587738,0.9034597873687744,0.939393937587738,0.939393937587738,"[[434  28]
 [  0   0]]","{'0': {'precision': 1.0, 'recall': 0.9393939393939394, 'f1-score': 0.96875, 'support': 462}, '1': {'precision': 0.0, 'recall': 0.0, 'f1-score': 0.0, 'support': 0}, 'accuracy': 0.9393939393939394, 'macro avg': {'precision': 0.5, 'recall': 0.4696969696969697, 'f1-score': 0.484375, 'support': 462}, 'weighted avg': {'precision': 1.0, 'recall': 0.9393939393939394, 'f1-score': 0.96875, 'support': 462}}",0.1497384011745453
400,40,G06,"(19193, 25)","(457, 25)","{0.0: 13590, 1.0: 5603}","{0.0: 305, 1.0: 152}",0.7753304243087769,0.6874999403953552,0.7753304243087769,0.7753304243087769,"[[247  55]
 [ 47 105]]","{'0': {'precision': 0.8401360544217688, 'recall': 0.8178807947019867, 'f1-score': 0.8288590604026845, 'support': 302}, '1': {'precision': 0.65625, 'recall': 0.6907894736842105, 'f1-score': 0.673076923076923, 'support': 152}, 'accuracy': 0.775330396475771, 'macro avg': {'precision': 0.7481930272108843, 'recall': 0.7543351341930986, 'f1-score': 0.7509679917398038, 'support': 454}, 'weighted avg': {'precision': 0.7785706793730708, 'recall': 0.775330396475771, 'f1-score': 0.7767029263200508, 'support': 454}}",0.5472200512886047
400,40,G07,"(18855, 25)","(795, 25)","{0.0: 13762, 1.0: 5093}","{1.0: 662, 0.0: 133}",0.881313145160675,0.838942289352417,0.881313145160675,0.881313145160675,"[[ 40  90]
 [  4 658]]","{'0': {'precision': 0.9090909090909091, 'recall': 0.3076923076923077, 'f1-score': 0.45977011494252884, 'support': 130}, '1': {'precision': 0.8796791443850267, 'recall': 0.9939577039274925, 'f1-score': 0.9333333333333333, 'support': 662}, 'accuracy': 0.8813131313131313, 'macro avg': {'precision': 0.8943850267379678, 'recall': 0.6508250058099001, 'f1-score': 0.6965517241379311, 'support': 792}, 'weighted avg': {'precision': 0.8845068330362448, 'recall': 0.8813131313131313, 'f1-score': 0.8556019969813073, 'support': 792}}",0.5039693117141724
400,40,G08,"(16730, 25)","(2920, 25)","{0.0: 13673, 1.0: 3057}","{1.0: 2698, 0.0: 222}",0.16695234179496765,0.17335301637649536,0.16695234179496765,0.16695234179496765,"[[ 206   13]
 [2417  281]]","{'0': {'precision': 0.07853602744948532, 'recall': 0.9406392694063926, 'f1-score': 0.14496833216045035, 'support': 219}, '1': {'precision': 0.95578231292517, 'recall': 0.10415122312824314, 'f1-score': 0.18783422459893045, 'support': 2698}, 'accuracy': 0.16695234830305108, 'macro avg': {'precision': 0.5171591701873277, 'recall': 0.5223952462673179, 'f1-score': 0.1664012783796904, 'support': 2917}, 'weighted avg': {'precision': 0.88992117596282, 'recall': 0.16695234830305108, 'f1-score': 0.18461597624650428, 'support': 2917}}",1.852802038192749
400,40,G09,"(19058, 25)","(592, 25)","{0.0: 13303, 1.0: 5755}",{0.0: 592},0.9932088255882263,0.9937499761581421,0.9932088255882263,0.9932088255882263,"[[585   4]
 [  0   0]]","{'0': {'precision': 1.0, 'recall': 0.9932088285229203, 'f1-score': 0.9965928449744464, 'support': 589}, '1': {'precision': 0.0, 'recall': 0.0, 'f1-score': 0.0, 'support': 0}, 'accuracy': 0.9932088285229203, 'macro avg': {'precision': 0.5, 'recall': 0.4966044142614601, 'f1-score': 0.4982964224872232, 'support': 589}, 'weighted avg': {'precision': 1.0, 'recall': 0.9932088285229203, 'f1-score': 0.9965928449744464, 'support': 589}}",0.0587606318295002
400,40,G11,"(19274, 25)","(376, 25)","{0.0: 13590, 1.0: 5684}","{0.0: 305, 1.0: 71}",0.9276139140129089,0.9248231053352356,0.9276139140129089,0.9276139140129089,"[[276  26]
 [  1  70]]","{'0': {'precision': 0.9963898916967509, 'recall': 0.9139072847682119, 'f1-score': 0.9533678756476683, 'support': 302}, '1': {'precision': 0.7291666666666666, 'recall': 0.9859154929577465, 'f1-score': 0.8383233532934132, 'support': 71}, 'accuracy': 0.9276139410187667, 'macro avg': {'precision': 0.8627782791817087, 'recall': 0.9499113888629792, 'f1-score': 0.8958456144705408, 'support': 373}, 'weighted avg': {'precision': 0.9455243448411583, 'recall': 0.9276139410187667, 'f1-score': 0.931469320454231, 'support': 373}}",0.21763555705547333
400,40,P231,"(18900, 25)","(750, 25)","{0.0: 13145, 1.0: 5755}",{0.0: 750},0.9504685401916504,0.9480075240135193,0.9504685401916504,0.9504685401916504,"[[710  37]
 [  0   0]]","{'0': {'precision': 1.0, 'recall': 0.9504685408299867, 'f1-score': 0.9746053534660261, 'support': 747}, '1': {'precision': 0.0, 'recall': 0.0, 'f1-score': 0.0, 'support': 0}, 'accuracy': 0.9504685408299867, 'macro avg': {'precision': 0.5, 'recall': 0.47523427041499333, 'f1-score': 0.48730267673301303, 'support': 747}, 'weighted avg': {'precision': 1.0, 'recall': 0.9504685408299867, 'f1-score': 0.9746053534660261, 'support': 747}}",0.06432206928730011
400,40,P351,"(16859, 25)","(2791, 25)","{0.0: 11104, 1.0: 5755}",{0.0: 2791},0.9282639622688293,0.9287010431289673,0.9282639622688293,0.9282639622688293,"[[2588  200]
 [   0    0]]","{'0': {'precision': 1.0, 'recall': 0.9282639885222381, 'f1-score': 0.9627976190476191, 'support': 2788}, '1': {'precision': 0.0, 'recall': 0.0, 'f1-score': 0.0, 'support': 0}, 'accuracy': 0.9282639885222381, 'macro avg': {'precision': 0.5, 'recall': 0.46413199426111906, 'f1-score': 0.48139880952380953, 'support': 2788}, 'weighted avg': {'precision': 1.0, 'recall': 0.9282639885222381, 'f1-score': 0.9627976190476191, 'support': 2788}}",0.12792620062828064
400,40,P379,"(18612, 25)","(1038, 25)","{0.0: 13180, 1.0: 5432}","{0.0: 715, 1.0: 323}",0.8560386300086975,0.8541945219039917,0.8560386300086975,0.8560386300086975,"[[659  53]
 [ 96 227]]","{'0': {'precision': 0.8728476821192053, 'recall': 0.925561797752809, 'f1-score': 0.8984321745057942, 'support': 712}, '1': {'precision': 0.8107142857142857, 'recall': 0.7027863777089783, 'f1-score': 0.7529021558872305, 'support': 323}, 'accuracy': 0.8560386473429952, 'macro avg': {'precision': 0.8417809839167455, 'recall': 0.8141740877308936, 'f1-score': 0.8256671651965124, 'support': 1035}, 'weighted avg': {'precision': 0.8534572598595057, 'recall': 0.8560386473429952, 'f1-score': 0.853015559999711, 'support': 1035}}",0.668075680732727
400,40,P551,"(18747, 25)","(903, 25)","{0.0: 13760, 1.0: 4987}","{1.0: 768, 0.0: 135}",0.8855555653572083,0.8302082419395447,0.8855555653572083,0.8855555653572083,"[[ 44  88]
 [ 15 753]]","{'0': {'precision': 0.7457627118644068, 'recall': 0.3333333333333333, 'f1-score': 0.4607329842931937, 'support': 132}, '1': {'precision': 0.8953626634958383, 'recall': 0.98046875, 'f1-score': 0.9359850839030454, 'support': 768}, 'accuracy': 0.8855555555555555, 'macro avg': {'precision': 0.8205626876801225, 'recall': 0.6569010416666666, 'f1-score': 0.6983590340981195, 'support': 900}, 'weighted avg': {'precision': 0.8734213372565617, 'recall': 0.8855555555555555, 'f1-score': 0.8662814426269337, 'support': 900}}",0.4684079885482788
400,40,P623,"(19145, 25)","(505, 25)","{0.0: 13390, 1.0: 5755}",{0.0: 505},0.9183266758918762,0.918836772441864,0.9183266758918762,0.9183266758918762,"[[461  41]
 [  0   0]]","{'0': {'precision': 1.0, 'recall': 0.9183266932270916, 'f1-score': 0.9574247144340602, 'support': 502}, '1': {'precision': 0.0, 'recall': 0.0, 'f1-score': 0.0, 'support': 0}, 'accuracy': 0.9183266932270916, 'macro avg': {'precision': 0.5, 'recall': 0.4591633466135458, 'f1-score': 0.4787123572170301, 'support': 502}, 'weighted avg': {'precision': 1.0, 'recall': 0.9183266932270916, 'f1-score': 0.9574247144340602, 'support': 502}}",0.12220531702041626
400,40,P645,"(18855, 25)","(795, 25)","{0.0: 13100, 1.0: 5755}",{0.0: 795},0.9457070827484131,0.948317289352417,0.9457070827484131,0.9457070827484131,"[[749  43]
 [  0   0]]","{'0': {'precision': 1.0, 'recall': 0.9457070707070707, 'f1-score': 0.9720960415314731, 'support': 792}, '1': {'precision': 0.0, 'recall': 0.0, 'f1-score': 0.0, 'support': 0}, 'accuracy': 0.9457070707070707, 'macro avg': {'precision': 0.5, 'recall': 0.47285353535353536, 'f1-score': 0.48604802076573655, 'support': 792}, 'weighted avg': {'precision': 1.0, 'recall': 0.9457070707070707, 'f1-score': 0.9720960415314731, 'support': 792}}",0.12880754470825195
400,40,P812,"(16083, 25)","(3567, 25)","{0.0: 10890, 1.0: 5193}","{0.0: 3005, 1.0: 562}",0.8282828330993652,0.8280996680259705,0.8282828330993652,0.8282828330993652,"[[2475  527]
 [  85  477]]","{'0': {'precision': 0.966796875, 'recall': 0.8244503664223851, 'f1-score': 0.8899676375404532, 'support': 3002}, '1': {'precision': 0.4750996015936255, 'recall': 0.8487544483985765, 'f1-score': 0.6091954022988506, 'support': 562}, 'accuracy': 0.8282828282828283, 'macro avg': {'precision': 0.7209482382968128, 'recall': 0.8366024074104808, 'f1-score': 0.7495815199196518, 'support': 3564}, 'weighted avg': {'precision': 0.8892621197658859, 'recall': 0.8282828282828283, 'f1-score': 0.8456932278306382, 'support': 3564}}",0.30255743861198425
400,40,P876,"(19052, 25)","(598, 25)","{0.0: 13297, 1.0: 5755}",{0.0: 598},0.8890756368637085,0.8672696948051453,0.8890756368637085,0.8890756368637085,"[[529  66]
 [  0   0]]","{'0': {'precision': 1.0, 'recall': 0.8890756302521008, 'f1-score': 0.9412811387900356, 'support': 595}, '1': {'precision': 0.0, 'recall': 0.0, 'f1-score': 0.0, 'support': 0}, 'accuracy': 0.8890756302521008, 'macro avg': {'precision': 0.5, 'recall': 0.4445378151260504, 'f1-score': 0.4706405693950178, 'support': 595}, 'weighted avg': {'precision': 1.0, 'recall': 0.8890756302521008, 'f1-score': 0.9412811387900356, 'support': 595}}",0.1565329134464264
400,40,P940,"(17277, 25)","(2373, 25)","{0.0: 11522, 1.0: 5755}",{0.0: 2373},0.9594936966896057,0.9350329041481018,0.9594936966896057,0.9594936966896057,"[[2274   96]
 [   0    0]]","{'0': {'precision': 1.0, 'recall': 0.959493670886076, 'f1-score': 0.979328165374677, 'support': 2370}, '1': {'precision': 0.0, 'recall': 0.0, 'f1-score': 0.0, 'support': 0}, 'accuracy': 0.959493670886076, 'macro avg': {'precision': 0.5, 'recall': 0.479746835443038, 'f1-score': 0.4896640826873385, 'support': 2370}, 'weighted avg': {'precision': 1.0, 'recall': 0.959493670886076, 'f1-score': 0.9793281653746772, 'support': 2370}}",0.10446818917989731
500,50,G04,"(14935, 25)","(576, 25)","{0.0: 10742, 1.0: 4193}","{1.0: 416, 0.0: 160}",0.3071553111076355,0.30598244071006775,0.3071553111076355,0.3071553111076355,"[[ 17 140]
 [257 159]]","{'0': {'precision': 0.06204379562043796, 'recall': 0.10828025477707007, 'f1-score': 0.07888631090487239, 'support': 157}, '1': {'precision': 0.5317725752508361, 'recall': 0.38221153846153844, 'f1-score': 0.4447552447552447, 'support': 416}, 'accuracy': 0.30715532286212915, 'macro avg': {'precision': 0.296908185435637, 'recall': 0.24524589661930424, 'f1-score': 0.2618207778300585, 'support': 573}, 'weighted avg': {'precision': 0.40306852917409525, 'recall': 0.30715532286212915, 'f1-score': 0.3445084339096802, 'support': 573}}",1.836253046989441
500,50,G05,"(15145, 25)","(366, 25)","{0.0: 10536, 1.0: 4609}",{0.0: 366},0.7190082669258118,0.7000362873077393,0.7190082669258118,0.7190082669258118,"[[261 102]
 [  0   0]]","{'0': {'precision': 1.0, 'recall': 0.71900826446281, 'f1-score': 0.8365384615384616, 'support': 363}, '1': {'precision': 0.0, 'recall': 0.0, 'f1-score': 0.0, 'support': 0}, 'accuracy': 0.71900826446281, 'macro avg': {'precision': 0.5, 'recall': 0.359504132231405, 'f1-score': 0.4182692307692308, 'support': 363}, 'weighted avg': {'precision': 1.0, 'recall': 0.71900826446281, 'f1-score': 0.8365384615384616, 'support': 363}}",0.3597167432308197
500,50,G06,"(15151, 25)","(360, 25)","{0.0: 10663, 1.0: 4488}","{0.0: 239, 1.0: 121}",0.8067227005958557,0.8013090491294861,0.8067227005958557,0.8067227005958557,"[[193  43]
 [ 26  95]]","{'0': {'precision': 0.8812785388127854, 'recall': 0.8177966101694916, 'f1-score': 0.8483516483516484, 'support': 236}, '1': {'precision': 0.6884057971014492, 'recall': 0.7851239669421488, 'f1-score': 0.7335907335907337, 'support': 121}, 'accuracy': 0.8067226890756303, 'macro avg': {'precision': 0.7848421679571174, 'recall': 0.8014602885558202, 'f1-score': 0.7909711909711911, 'support': 357}, 'weighted avg': {'precision': 0.8159071053475986, 'recall': 0.8067226890756303, 'f1-score': 0.809455091808033, 'support': 357}}",0.4959522783756256
500,50,G07,"(14877, 25)","(634, 25)","{0.0: 10801, 1.0: 4076}","{1.0: 533, 0.0: 101}",0.8890649676322937,0.8819317817687988,0.8890649676322937,0.8890649676322937,"[[ 32  66]
 [  4 529]]","{'0': {'precision': 0.8888888888888888, 'recall': 0.32653061224489793, 'f1-score': 0.47761194029850745, 'support': 98}, '1': {'precision': 0.8890756302521008, 'recall': 0.9924953095684803, 'f1-score': 0.9379432624113475, 'support': 533}, 'accuracy': 0.8890649762282092, 'macro avg': {'precision': 0.8889822595704948, 'recall': 0.6595129609066891, 'f1-score': 0.7077776013549275, 'support': 631}, 'weighted avg': {'precision': 0.889046627631507, 'recall': 0.8890649762282092, 'f1-score': 0.8664496497852645, 'support': 631}}",0.49919575452804565
500,50,G08,"(13178, 25)","(2333, 25)","{0.0: 10727, 1.0: 2451}","{1.0: 2158, 0.0: 175}",0.2686695158481598,0.2760849595069885,0.2686695158481598,0.2686695158481598,"[[ 155   17]
 [1687  471]]","{'0': {'precision': 0.08414766558089033, 'recall': 0.9011627906976745, 'f1-score': 0.15392254220456802, 'support': 172}, '1': {'precision': 0.9651639344262295, 'recall': 0.21825764596848934, 'f1-score': 0.3560090702947846, 'support': 2158}, 'accuracy': 0.2686695278969957, 'macro avg': {'precision': 0.5246558000035599, 'recall': 0.5597102183330819, 'f1-score': 0.25496580624967635, 'support': 2330}, 'weighted avg': {'precision': 0.9001275403312088, 'recall': 0.2686695278969957, 'f1-score': 0.3410910948306141, 'support': 2330}}",1.406838297843933
500,50,G09,"(15045, 25)","(466, 25)","{0.0: 10436, 1.0: 4609}",{0.0: 466},0.9352051615715027,0.8903645873069763,0.9352051615715027,0.9352051615715027,"[[433  30]
 [  0   0]]","{'0': {'precision': 1.0, 'recall': 0.9352051835853131, 'f1-score': 0.9665178571428572, 'support': 463}, '1': {'precision': 0.0, 'recall': 0.0, 'f1-score': 0.0, 'support': 0}, 'accuracy': 0.9352051835853131, 'macro avg': {'precision': 0.5, 'recall': 0.46760259179265656, 'f1-score': 0.4832589285714286, 'support': 463}, 'weighted avg': {'precision': 1.0, 'recall': 0.9352051835853131, 'f1-score': 0.9665178571428572, 'support': 463}}",0.10379260778427124
500,50,G11,"(15216, 25)","(295, 25)","{0.0: 10663, 1.0: 4553}","{0.0: 239, 1.0: 56}",0.8287671208381653,0.82916659116745,0.8287671208381653,0.8287671208381653,"[[186  50]
 [  0  56]]","{'0': {'precision': 1.0, 'recall': 0.788135593220339, 'f1-score': 0.8815165876777251, 'support': 236}, '1': {'precision': 0.5283018867924528, 'recall': 1.0, 'f1-score': 0.6913580246913581, 'support': 56}, 'accuracy': 0.8287671232876712, 'macro avg': {'precision': 0.7641509433962264, 'recall': 0.8940677966101696, 'f1-score': 0.7864373061845416, 'support': 292}, 'weighted avg': {'precision': 0.9095373481519772, 'recall': 0.8287671232876712, 'f1-score': 0.8450478221734903, 'support': 292}}",0.2824684977531433
500,50,P231,"(14922, 25)","(589, 25)","{0.0: 10313, 1.0: 4609}",{0.0: 589},0.9573378562927246,0.9440625309944153,0.9573378562927246,0.9573378562927246,"[[561  25]
 [  0   0]]","{'0': {'precision': 1.0, 'recall': 0.9573378839590444, 'f1-score': 0.978204010462075, 'support': 586}, '1': {'precision': 0.0, 'recall': 0.0, 'f1-score': 0.0, 'support': 0}, 'accuracy': 0.9573378839590444, 'macro avg': {'precision': 0.5, 'recall': 0.4786689419795222, 'f1-score': 0.4891020052310375, 'support': 586}, 'weighted avg': {'precision': 1.0, 'recall': 0.9573378839590444, 'f1-score': 0.9782040104620751, 'support': 586}}",0.058418501168489456
500,50,P351,"(13320, 25)","(2191, 25)","{0.0: 8711, 1.0: 4609}",{0.0: 2191},0.835466206073761,0.8354166746139526,0.835466206073761,0.835466206073761,"[[1828  360]
 [   0    0]]","{'0': {'precision': 1.0, 'recall': 0.8354661791590493, 'f1-score': 0.9103585657370518, 'support': 2188}, '1': {'precision': 0.0, 'recall': 0.0, 'f1-score': 0.0, 'support': 0}, 'accuracy': 0.8354661791590493, 'macro avg': {'precision': 0.5, 'recall': 0.41773308957952465, 'f1-score': 0.4551792828685259, 'support': 2188}, 'weighted avg': {'precision': 1.0, 'recall': 0.8354661791590493, 'f1-score': 0.9103585657370518, 'support': 2188}}",0.1995711475610733
500,50,P379,"(14697, 25)","(814, 25)","{0.0: 10341, 1.0: 4356}","{0.0: 561, 1.0: 253}",0.8101109862327576,0.8119688630104065,0.8101109862327576,0.8101109862327576,"[[453 105]
 [ 49 204]]","{'0': {'precision': 0.9023904382470119, 'recall': 0.8118279569892473, 'f1-score': 0.8547169811320755, 'support': 558}, '1': {'precision': 0.6601941747572816, 'recall': 0.8063241106719368, 'f1-score': 0.7259786476868328, 'support': 253}, 'accuracy': 0.8101109741060419, 'macro avg': {'precision': 0.7812923065021468, 'recall': 0.809076033830592, 'f1-score': 0.7903478144094542, 'support': 811}, 'weighted avg': {'precision': 0.8268347604875769, 'recall': 0.8101109741060419, 'f1-score': 0.8145557007847927, 'support': 811}}",0.6514278650283813
500,50,P551,"(14795, 25)","(716, 25)","{0.0: 10804, 1.0: 3991}","{1.0: 618, 0.0: 98}",0.8849930167198181,0.8693575859069824,0.8849930167198181,0.8849930167198181,"[[ 17  78]
 [  4 614]]","{'0': {'precision': 0.8095238095238095, 'recall': 0.17894736842105263, 'f1-score': 0.2931034482758621, 'support': 95}, '1': {'precision': 0.8872832369942196, 'recall': 0.9935275080906149, 'f1-score': 0.9374045801526717, 'support': 618}, 'accuracy': 0.884992987377279, 'macro avg': {'precision': 0.8484035232590146, 'recall': 0.5862374382558337, 'f1-score': 0.6152540142142668, 'support': 713}, 'weighted avg': {'precision': 0.8769225839652028, 'recall': 0.884992987377279, 'f1-score': 0.8515580057791836, 'support': 713}}",0.4899633526802063
500,50,P623,"(15112, 25)","(399, 25)","{0.0: 10503, 1.0: 4609}",{0.0: 399},0.8611111044883728,0.8675594925880432,0.8611111044883728,0.8611111044883728,"[[341  55]
 [  0   0]]","{'0': {'precision': 1.0, 'recall': 0.8611111111111112, 'f1-score': 0.9253731343283582, 'support': 396}, '1': {'precision': 0.0, 'recall': 0.0, 'f1-score': 0.0, 'support': 0}, 'accuracy': 0.8611111111111112, 'macro avg': {'precision': 0.5, 'recall': 0.4305555555555556, 'f1-score': 0.4626865671641791, 'support': 396}, 'weighted avg': {'precision': 1.0, 'recall': 0.8611111111111112, 'f1-score': 0.9253731343283582, 'support': 396}}",0.18655119836330414
500,50,P645,"(14883, 25)","(628, 25)","{0.0: 10274, 1.0: 4609}",{0.0: 628},0.8112000226974487,0.815625011920929,0.8112000226974487,0.8112000226974487,"[[507 118]
 [  0   0]]","{'0': {'precision': 1.0, 'recall': 0.8112, 'f1-score': 0.8957597173144877, 'support': 625}, '1': {'precision': 0.0, 'recall': 0.0, 'f1-score': 0.0, 'support': 0}, 'accuracy': 0.8112, 'macro avg': {'precision': 0.5, 'recall': 0.4056, 'f1-score': 0.44787985865724383, 'support': 625}, 'weighted avg': {'precision': 1.0, 'recall': 0.8112, 'f1-score': 0.8957597173144877, 'support': 625}}",0.24596449732780457
500,50,P812,"(12697, 25)","(2814, 25)","{0.0: 8542, 1.0: 4155}","{0.0: 2360, 1.0: 454}",0.8299537301063538,0.8299848437309265,0.8299537301063538,0.8299537301063538,"[[1952  405]
 [  73  381]]","{'0': {'precision': 0.9639506172839506, 'recall': 0.828171404327535, 'f1-score': 0.8909173893199452, 'support': 2357}, '1': {'precision': 0.4847328244274809, 'recall': 0.8392070484581498, 'f1-score': 0.614516129032258, 'support': 454}, 'accuracy': 0.8299537531127713, 'macro avg': {'precision': 0.7243417208557157, 'recall': 0.8336892263928424, 'f1-score': 0.7527167591761017, 'support': 2811}, 'weighted avg': {'precision': 0.8865529374700631, 'recall': 0.8299537531127713, 'f1-score': 0.8462762750650146, 'support': 2811}}",0.3210109770298004
500,50,P876,"(15039, 25)","(472, 25)","{0.0: 10430, 1.0: 4609}",{0.0: 472},0.8891258239746094,0.8784412145614624,0.8891258239746094,0.8891258239746094,"[[417  52]
 [  0   0]]","{'0': {'precision': 1.0, 'recall': 0.8891257995735607, 'f1-score': 0.9413092550790069, 'support': 469}, '1': {'precision': 0.0, 'recall': 0.0, 'f1-score': 0.0, 'support': 0}, 'accuracy': 0.8891257995735607, 'macro avg': {'precision': 0.5, 'recall': 0.4445628997867804, 'f1-score': 0.47065462753950343, 'support': 469}, 'weighted avg': {'precision': 1.0, 'recall': 0.8891257995735607, 'f1-score': 0.9413092550790069, 'support': 469}}",0.15788911283016205
500,50,P940,"(13653, 25)","(1858, 25)","{0.0: 9044, 1.0: 4609}",{0.0: 1858},0.8835579752922058,0.8834751844406128,0.8835579752922058,0.8835579752922058,"[[1639  216]
 [   0    0]]","{'0': {'precision': 1.0, 'recall': 0.8835579514824797, 'f1-score': 0.9381797366914711, 'support': 1855}, '1': {'precision': 0.0, 'recall': 0.0, 'f1-score': 0.0, 'support': 0}, 'accuracy': 0.8835579514824797, 'macro avg': {'precision': 0.5, 'recall': 0.44177897574123987, 'f1-score': 0.46908986834573557, 'support': 1855}, 'weighted avg': {'precision': 1.0, 'recall': 0.8835579514824797, 'f1-score': 0.9381797366914711, 'support': 1855}}",0.1679004579782486
600,60,G04,"(12270, 25)","(478, 25)","{0.0: 8765, 1.0: 3505}","{1.0: 350, 0.0: 128}",0.4442105293273926,0.4121093451976776,0.4442105293273926,0.4442105293273926,"[[ 13 112]
 [152 198]]","{'0': {'precision': 0.07878787878787878, 'recall': 0.104, 'f1-score': 0.08965517241379309, 'support': 125}, '1': {'precision': 0.6387096774193548, 'recall': 0.5657142857142857, 'f1-score': 0.5999999999999999, 'support': 350}, 'accuracy': 0.4442105263157895, 'macro avg': {'precision': 0.35874877810361677, 'recall': 0.33485714285714285, 'f1-score': 0.34482758620689646, 'support': 475}, 'weighted avg': {'precision': 0.49136183567422953, 'recall': 0.4442105263157895, 'f1-score': 0.46569872958257696, 'support': 475}}",1.2952162027359009
600,60,G05,"(12448, 25)","(300, 25)","{0.0: 8593, 1.0: 3855}",{0.0: 300},0.7070707082748413,0.6913109421730042,0.7070707082748413,0.7070707082748413,"[[210  87]
 [  0   0]]","{'0': {'precision': 1.0, 'recall': 0.7070707070707071, 'f1-score': 0.8284023668639052, 'support': 297}, '1': {'precision': 0.0, 'recall': 0.0, 'f1-score': 0.0, 'support': 0}, 'accuracy': 0.7070707070707071, 'macro avg': {'precision': 0.5, 'recall': 0.35353535353535354, 'f1-score': 0.4142011834319526, 'support': 297}, 'weighted avg': {'precision': 1.0, 'recall': 0.7070707070707071, 'f1-score': 0.8284023668639052, 'support': 297}}",0.38352468609809875
600,60,G06,"(12453, 25)","(295, 25)","{0.0: 8699, 1.0: 3754}","{0.0: 194, 1.0: 101}",0.8630136847496033,0.8579860925674438,0.8630136847496033,0.8630136847496033,"[[167  24]
 [ 16  85]]","{'0': {'precision': 0.912568306010929, 'recall': 0.8743455497382199, 'f1-score': 0.893048128342246, 'support': 191}, '1': {'precision': 0.7798165137614679, 'recall': 0.8415841584158416, 'f1-score': 0.8095238095238095, 'support': 101}, 'accuracy': 0.863013698630137, 'macro avg': {'precision': 0.8461924098861984, 'recall': 0.8579648540770307, 'f1-score': 0.8512859689330278, 'support': 292}, 'weighted avg': {'precision': 0.8666507340342319, 'recall': 0.863013698630137, 'f1-score': 0.8641578673810745, 'support': 292}}",0.3843057155609131
600,60,G07,"(12221, 25)","(527, 25)","{0.0: 8811, 1.0: 3410}","{1.0: 445, 0.0: 82}",0.8969465494155884,0.8234953880310059,0.8969465494155884,0.8969465494155884,"[[ 28  51]
 [  3 442]]","{'0': {'precision': 0.9032258064516129, 'recall': 0.35443037974683544, 'f1-score': 0.5090909090909091, 'support': 79}, '1': {'precision': 0.896551724137931, 'recall': 0.9932584269662922, 'f1-score': 0.9424307036247336, 'support': 445}, 'accuracy': 0.8969465648854962, 'macro avg': {'precision': 0.899888765294772, 'recall': 0.6738444033565638, 'f1-score': 0.7257608063578214, 'support': 524}, 'weighted avg': {'precision': 0.8975579312043067, 'recall': 0.8969465648854962, 'f1-score': 0.8770989407083746, 'support': 524}}",0.45512932538986206
600,60,G08,"(10808, 25)","(1940, 25)","{0.0: 8751, 1.0: 2057}","{1.0: 1798, 0.0: 142}",0.43624159693717957,0.4384487271308899,0.43624159693717957,0.43624159693717957,"[[ 111   28]
 [1064  734]]","{'0': {'precision': 0.09446808510638298, 'recall': 0.7985611510791367, 'f1-score': 0.16894977168949774, 'support': 139}, '1': {'precision': 0.963254593175853, 'recall': 0.4082313681868743, 'f1-score': 0.5734374999999999, 'support': 1798}, 'accuracy': 0.436241610738255, 'macro avg': {'precision': 0.528861339141118, 'recall': 0.6033962596330055, 'f1-score': 0.37119363584474885, 'support': 1937}, 'weighted avg': {'precision': 0.9009100786577032, 'recall': 0.436241610738255, 'f1-score': 0.5444112768532989, 'support': 1937}}",1.324422836303711
600,60,G09,"(12365, 25)","(383, 25)","{0.0: 8510, 1.0: 3855}",{0.0: 383},0.928947389125824,0.9279513359069824,0.928947389125824,0.928947389125824,"[[353  27]
 [  0   0]]","{'0': {'precision': 1.0, 'recall': 0.9289473684210526, 'f1-score': 0.9631650750341063, 'support': 380}, '1': {'precision': 0.0, 'recall': 0.0, 'f1-score': 0.0, 'support': 0}, 'accuracy': 0.9289473684210526, 'macro avg': {'precision': 0.5, 'recall': 0.4644736842105263, 'f1-score': 0.48158253751705316, 'support': 380}, 'weighted avg': {'precision': 1.0, 'recall': 0.9289473684210526, 'f1-score': 0.9631650750341063, 'support': 380}}",0.10263287276029587
600,60,G11,"(12506, 25)","(242, 25)","{0.0: 8699, 1.0: 3807}","{0.0: 194, 1.0: 48}",0.8326359987258911,0.8338596820831299,0.8326359987258911,0.8326359987258911,"[[151  40]
 [  0  48]]","{'0': {'precision': 1.0, 'recall': 0.7905759162303665, 'f1-score': 0.8830409356725146, 'support': 191}, '1': {'precision': 0.5454545454545454, 'recall': 1.0, 'f1-score': 0.7058823529411764, 'support': 48}, 'accuracy': 0.8326359832635983, 'macro avg': {'precision': 0.7727272727272727, 'recall': 0.8952879581151832, 'f1-score': 0.7944616443068455, 'support': 239}, 'weighted avg': {'precision': 0.9087105363255991, 'recall': 0.8326359832635983, 'f1-score': 0.8474609692662207, 'support': 239}}",0.2838505804538727
600,60,P231,"(12267, 25)","(481, 25)","{0.0: 8412, 1.0: 3855}",{0.0: 481},0.9686192274093628,0.9684895873069763,0.9686192274093628,0.9686192274093628,"[[463  15]
 [  0   0]]","{'0': {'precision': 1.0, 'recall': 0.9686192468619247, 'f1-score': 0.9840595111583422, 'support': 478}, '1': {'precision': 0.0, 'recall': 0.0, 'f1-score': 0.0, 'support': 0}, 'accuracy': 0.9686192468619247, 'macro avg': {'precision': 0.5, 'recall': 0.48430962343096234, 'f1-score': 0.4920297555791711, 'support': 478}, 'weighted avg': {'precision': 1.0, 'recall': 0.9686192468619247, 'f1-score': 0.9840595111583422, 'support': 478}}",0.04841498285531998
600,60,P351,"(10959, 25)","(1789, 25)","{0.0: 7104, 1.0: 3855}",{0.0: 1789},0.8516237139701843,0.8521205186843872,0.8516237139701843,0.8516237139701843,"[[1521  265]
 [   0    0]]","{'0': {'precision': 1.0, 'recall': 0.8516237402015677, 'f1-score': 0.9198669488962806, 'support': 1786}, '1': {'precision': 0.0, 'recall': 0.0, 'f1-score': 0.0, 'support': 0}, 'accuracy': 0.8516237402015677, 'macro avg': {'precision': 0.5, 'recall': 0.42581187010078386, 'f1-score': 0.4599334744481403, 'support': 1786}, 'weighted avg': {'precision': 1.0, 'recall': 0.8516237402015677, 'f1-score': 0.9198669488962806, 'support': 1786}}",0.19735147058963776
600,60,P379,"(12083, 25)","(665, 25)","{0.0: 8443, 1.0: 3640}","{0.0: 450, 1.0: 215}",0.8232628107070923,0.828383207321167,0.8232628107070923,0.8232628107070923,"[[376  71]
 [ 46 169]]","{'0': {'precision': 0.8909952606635071, 'recall': 0.8411633109619687, 'f1-score': 0.8653624856156502, 'support': 447}, '1': {'precision': 0.7041666666666667, 'recall': 0.786046511627907, 'f1-score': 0.7428571428571429, 'support': 215}, 'accuracy': 0.823262839879154, 'macro avg': {'precision': 0.7975809636650869, 'recall': 0.8136049112949378, 'f1-score': 0.8041098142363965, 'support': 662}, 'weighted avg': {'precision': 0.8303183003775243, 'recall': 0.823262839879154, 'f1-score': 0.8255760072273132, 'support': 662}}",0.6845142841339111
600,60,P551,"(12155, 25)","(593, 25)","{0.0: 8812, 1.0: 3343}","{1.0: 512, 0.0: 81}",0.8813559412956238,0.8794642686843872,0.8813559412956238,0.8813559412956238,"[[ 11  67]
 [  3 509]]","{'0': {'precision': 0.7857142857142857, 'recall': 0.14102564102564102, 'f1-score': 0.23913043478260868, 'support': 78}, '1': {'precision': 0.8836805555555556, 'recall': 0.994140625, 'f1-score': 0.9356617647058824, 'support': 512}, 'accuracy': 0.8813559322033898, 'macro avg': {'precision': 0.8346974206349207, 'recall': 0.5675831330128205, 'f1-score': 0.5873960997442456, 'support': 590}, 'weighted avg': {'precision': 0.8707290825934895, 'recall': 0.8813559322033898, 'f1-score': 0.8435779617668734, 'support': 590}}",0.4786199629306793
600,60,P623,"(12420, 25)","(328, 25)","{0.0: 8565, 1.0: 3855}",{0.0: 328},0.8307692408561707,0.8567708134651184,0.8307692408561707,0.8307692408561707,"[[270  55]
 [  0   0]]","{'0': {'precision': 1.0, 'recall': 0.8307692307692308, 'f1-score': 0.907563025210084, 'support': 325}, '1': {'precision': 0.0, 'recall': 0.0, 'f1-score': 0.0, 'support': 0}, 'accuracy': 0.8307692307692308, 'macro avg': {'precision': 0.5, 'recall': 0.4153846153846154, 'f1-score': 0.453781512605042, 'support': 325}, 'weighted avg': {'precision': 1.0, 'recall': 0.8307692307692308, 'f1-score': 0.907563025210084, 'support': 325}}",0.21263200044631958
600,60,P645,"(12231, 25)","(517, 25)","{0.0: 8376, 1.0: 3855}",{0.0: 517},0.801556408405304,0.8229166865348816,0.801556408405304,0.801556408405304,"[[412 102]
 [  0   0]]","{'0': {'precision': 1.0, 'recall': 0.8015564202334631, 'f1-score': 0.8898488120950324, 'support': 514}, '1': {'precision': 0.0, 'recall': 0.0, 'f1-score': 0.0, 'support': 0}, 'accuracy': 0.8015564202334631, 'macro avg': {'precision': 0.5, 'recall': 0.40077821011673154, 'f1-score': 0.4449244060475162, 'support': 514}, 'weighted avg': {'precision': 1.0, 'recall': 0.8015564202334631, 'f1-score': 0.8898488120950324, 'support': 514}}",0.25998398661613464
600,60,P812,"(10439, 25)","(2309, 25)","{0.0: 6970, 1.0: 3469}","{0.0: 1923, 1.0: 386}",0.8490893244743347,0.8268581032752991,0.8490893244743347,0.8490893244743347,"[[1640  280]
 [  68  318]]","{'0': {'precision': 0.9601873536299765, 'recall': 0.8541666666666666, 'f1-score': 0.9040793825799337, 'support': 1920}, '1': {'precision': 0.5317725752508361, 'recall': 0.8238341968911918, 'f1-score': 0.646341463414634, 'support': 386}, 'accuracy': 0.8490893321769297, 'macro avg': {'precision': 0.7459799644404064, 'recall': 0.8390004317789292, 'f1-score': 0.7752104229972838, 'support': 2306}, 'weighted avg': {'precision': 0.8884752528258361, 'recall': 0.8490893321769297, 'f1-score': 0.8609367820605037, 'support': 2306}}",0.2944415509700775
600,60,P876,"(12360, 25)","(388, 25)","{0.0: 8505, 1.0: 3855}",{0.0: 388},0.8207792043685913,0.8459820747375488,0.8207792043685913,0.8207792043685913,"[[316  69]
 [  0   0]]","{'0': {'precision': 1.0, 'recall': 0.8207792207792208, 'f1-score': 0.9015691868758916, 'support': 385}, '1': {'precision': 0.0, 'recall': 0.0, 'f1-score': 0.0, 'support': 0}, 'accuracy': 0.8207792207792208, 'macro avg': {'precision': 0.5, 'recall': 0.4103896103896104, 'f1-score': 0.4507845934379458, 'support': 385}, 'weighted avg': {'precision': 1.0, 'recall': 0.8207792207792208, 'f1-score': 0.9015691868758916, 'support': 385}}",0.2257290780544281
600,60,P940,"(11235, 25)","(1513, 25)","{0.0: 7380, 1.0: 3855}",{0.0: 1513},0.9245033264160156,0.9204358458518982,0.9245033264160156,0.9245033264160156,"[[1396  114]
 [   0    0]]","{'0': {'precision': 1.0, 'recall': 0.9245033112582781, 'f1-score': 0.9607708189951824, 'support': 1510}, '1': {'precision': 0.0, 'recall': 0.0, 'f1-score': 0.0, 'support': 0}, 'accuracy': 0.9245033112582781, 'macro avg': {'precision': 0.5, 'recall': 0.46225165562913906, 'f1-score': 0.4803854094975912, 'support': 1510}, 'weighted avg': {'precision': 1.0, 'recall': 0.9245033112582781, 'f1-score': 0.9607708189951825, 'support': 1510}}",0.11944117397069931
700,70,G04,"(10358, 25)","(407, 25)","{0.0: 7356, 1.0: 3002}","{1.0: 299, 0.0: 108}",0.4183168411254883,0.3772321045398712,0.4183168411254883,0.4183168411254883,"[[ 12  93]
 [142 157]]","{'0': {'precision': 0.07792207792207792, 'recall': 0.11428571428571428, 'f1-score': 0.09266409266409265, 'support': 105}, '1': {'precision': 0.628, 'recall': 0.5250836120401338, 'f1-score': 0.5719489981785064, 'support': 299}, 'accuracy': 0.4183168316831683, 'macro avg': {'precision': 0.352961038961039, 'recall': 0.31968466316292404, 'f1-score': 0.33230654542129956, 'support': 404}, 'weighted avg': {'precision': 0.48503420342034204, 'recall': 0.4183168316831683, 'f1-score': 0.4473823766957999, 'support': 404}}",1.3019877672195435
700,70,G05,"(10512, 25)","(253, 25)","{0.0: 7211, 1.0: 3301}",{0.0: 253},0.7160000205039978,0.7157865762710571,0.7160000205039978,0.7160000205039978,"[[179  71]
 [  0   0]]","{'0': {'precision': 1.0, 'recall': 0.716, 'f1-score': 0.8344988344988344, 'support': 250}, '1': {'precision': 0.0, 'recall': 0.0, 'f1-score': 0.0, 'support': 0}, 'accuracy': 0.716, 'macro avg': {'precision': 0.5, 'recall': 0.358, 'f1-score': 0.4172494172494172, 'support': 250}, 'weighted avg': {'precision': 1.0, 'recall': 0.716, 'f1-score': 0.8344988344988344, 'support': 250}}",0.37175020575523376
700,70,G06,"(10516, 25)","(249, 25)","{0.0: 7302, 1.0: 3214}","{0.0: 162, 1.0: 87}",0.8861788511276245,0.8862846493721008,0.8861788511276245,0.8861788511276245,"[[143  16]
 [ 12  75]]","{'0': {'precision': 0.9225806451612903, 'recall': 0.89937106918239, 'f1-score': 0.910828025477707, 'support': 159}, '1': {'precision': 0.8241758241758241, 'recall': 0.8620689655172413, 'f1-score': 0.8426966292134831, 'support': 87}, 'accuracy': 0.8861788617886179, 'macro avg': {'precision': 0.8733782346685572, 'recall': 0.8807200173498156, 'f1-score': 0.8767623273455951, 'support': 246}, 'weighted avg': {'precision': 0.8877789401786255, 'recall': 0.8861788617886179, 'f1-score': 0.8867327755793839, 'support': 246}}",0.35970884561538696
700,70,G07,"(10315, 25)","(450, 25)","{0.0: 7394, 1.0: 2921}","{1.0: 380, 0.0: 70}",0.8881431818008423,0.8875070810317993,0.8881431818008423,0.8881431818008423,"[[ 20  47]
 [  3 377]]","{'0': {'precision': 0.8695652173913043, 'recall': 0.29850746268656714, 'f1-score': 0.4444444444444444, 'support': 67}, '1': {'precision': 0.8891509433962265, 'recall': 0.9921052631578947, 'f1-score': 0.9378109452736318, 'support': 380}, 'accuracy': 0.8881431767337807, 'macro avg': {'precision': 0.8793580803937654, 'recall': 0.6453063629222309, 'f1-score': 0.6911276948590381, 'support': 447}, 'weighted avg': {'precision': 0.8862152752925804, 'recall': 0.8881431767337807, 'f1-score': 0.8638611565587424, 'support': 447}}",0.4375613033771515
700,70,G08,"(9104, 25)","(1661, 25)","{0.0: 7349, 1.0: 1755}","{1.0: 1546, 0.0: 115}",0.2810615301132202,0.2820996046066284,0.2810615301132202,0.2810615301132202,"[[  93   19]
 [1173  373]]","{'0': {'precision': 0.07345971563981042, 'recall': 0.8303571428571429, 'f1-score': 0.13497822931785194, 'support': 112}, '1': {'precision': 0.951530612244898, 'recall': 0.24126778783958602, 'f1-score': 0.3849329205366357, 'support': 1546}, 'accuracy': 0.2810615199034982, 'macro avg': {'precision': 0.5124951639423542, 'recall': 0.5358124653483645, 'f1-score': 0.2599555749272438, 'support': 1658}, 'weighted avg': {'precision': 0.8922158110267014, 'recall': 0.2810615199034982, 'f1-score': 0.3680481645556322, 'support': 1658}}",1.3768342733383179
700,70,G09,"(10443, 25)","(322, 25)","{0.0: 7142, 1.0: 3301}",{0.0: 322},0.92476487159729,0.9245535731315613,0.92476487159729,0.92476487159729,"[[295  24]
 [  0   0]]","{'0': {'precision': 1.0, 'recall': 0.9247648902821317, 'f1-score': 0.9609120521172638, 'support': 319}, '1': {'precision': 0.0, 'recall': 0.0, 'f1-score': 0.0, 'support': 0}, 'accuracy': 0.9247648902821317, 'macro avg': {'precision': 0.5, 'recall': 0.46238244514106586, 'f1-score': 0.4804560260586319, 'support': 319}, 'weighted avg': {'precision': 1.0, 'recall': 0.9247648902821317, 'f1-score': 0.9609120521172639, 'support': 319}}",0.10857877135276794
700,70,G11,"(10562, 25)","(203, 25)","{0.0: 7302, 1.0: 3260}","{0.0: 162, 1.0: 41}",0.8650000095367432,0.8945311903953552,0.8650000095367432,0.8650000095367432,"[[132  27]
 [  0  41]]","{'0': {'precision': 1.0, 'recall': 0.8301886792452831, 'f1-score': 0.9072164948453608, 'support': 159}, '1': {'precision': 0.6029411764705882, 'recall': 1.0, 'f1-score': 0.7522935779816513, 'support': 41}, 'accuracy': 0.865, 'macro avg': {'precision': 0.8014705882352942, 'recall': 0.9150943396226415, 'f1-score': 0.829755036413506, 'support': 200}, 'weighted avg': {'precision': 0.9186029411764706, 'recall': 0.865, 'f1-score': 0.8754572968883003, 'support': 200}}",0.24853424727916718
700,70,P231,"(10362, 25)","(403, 25)","{0.0: 7061, 1.0: 3301}",{0.0: 403},0.9800000190734863,0.9821428656578064,0.9800000190734863,0.9800000190734863,"[[392   8]
 [  0   0]]","{'0': {'precision': 1.0, 'recall': 0.98, 'f1-score': 0.98989898989899, 'support': 400}, '1': {'precision': 0.0, 'recall': 0.0, 'f1-score': 0.0, 'support': 0}, 'accuracy': 0.98, 'macro avg': {'precision': 0.5, 'recall': 0.49, 'f1-score': 0.494949494949495, 'support': 400}, 'weighted avg': {'precision': 1.0, 'recall': 0.98, 'f1-score': 0.98989898989899, 'support': 400}}",0.03278815373778343
700,70,P351,"(9264, 25)","(1501, 25)","{0.0: 5963, 1.0: 3301}",{0.0: 1501},0.8758344650268555,0.8789061903953552,0.8758344650268555,0.8758344650268555,"[[1312  186]
 [   0    0]]","{'0': {'precision': 1.0, 'recall': 0.8758344459279038, 'f1-score': 0.9338078291814947, 'support': 1498}, '1': {'precision': 0.0, 'recall': 0.0, 'f1-score': 0.0, 'support': 0}, 'accuracy': 0.8758344459279038, 'macro avg': {'precision': 0.5, 'recall': 0.4379172229639519, 'f1-score': 0.46690391459074737, 'support': 1498}, 'weighted avg': {'precision': 1.0, 'recall': 0.8758344459279038, 'f1-score': 0.9338078291814947, 'support': 1498}}",0.17872008681297302
700,70,P379,"(10208, 25)","(557, 25)","{0.0: 7090, 1.0: 3118}","{0.0: 374, 1.0: 183}",0.8447653651237488,0.8488755822181702,0.8447653651237488,0.8447653651237488,"[[325  46]
 [ 40 143]]","{'0': {'precision': 0.8904109589041096, 'recall': 0.876010781671159, 'f1-score': 0.8831521739130435, 'support': 371}, '1': {'precision': 0.7566137566137566, 'recall': 0.7814207650273224, 'f1-score': 0.7688172043010754, 'support': 183}, 'accuracy': 0.8447653429602888, 'macro avg': {'precision': 0.8235123577589332, 'recall': 0.8287157733492407, 'f1-score': 0.8259846891070595, 'support': 554}, 'weighted avg': {'precision': 0.8462144101331086, 'recall': 0.8447653429602888, 'f1-score': 0.8453844853950108, 'support': 554}}",0.677463173866272
700,70,P551,"(10262, 25)","(503, 25)","{0.0: 7399, 1.0: 2863}","{1.0: 438, 0.0: 65}",0.8920000195503235,0.89453125,0.8920000195503235,0.8920000195503235,"[[ 11  51]
 [  3 435]]","{'0': {'precision': 0.7857142857142857, 'recall': 0.1774193548387097, 'f1-score': 0.2894736842105263, 'support': 62}, '1': {'precision': 0.8950617283950617, 'recall': 0.9931506849315068, 'f1-score': 0.9415584415584416, 'support': 438}, 'accuracy': 0.892, 'macro avg': {'precision': 0.8403880070546736, 'recall': 0.5852850198851083, 'f1-score': 0.615516062884484, 'support': 500}, 'weighted avg': {'precision': 0.8815026455026455, 'recall': 0.892, 'f1-score': 0.8606999316473001, 'support': 500}}",0.4325129985809326
700,70,P623,"(10489, 25)","(276, 25)","{0.0: 7188, 1.0: 3301}",{0.0: 276},0.8571428656578064,0.878125011920929,0.8571428656578064,0.8571428656578064,"[[234  39]
 [  0   0]]","{'0': {'precision': 1.0, 'recall': 0.8571428571428571, 'f1-score': 0.923076923076923, 'support': 273}, '1': {'precision': 0.0, 'recall': 0.0, 'f1-score': 0.0, 'support': 0}, 'accuracy': 0.8571428571428571, 'macro avg': {'precision': 0.5, 'recall': 0.42857142857142855, 'f1-score': 0.4615384615384615, 'support': 273}, 'weighted avg': {'precision': 1.0, 'recall': 0.8571428571428571, 'f1-score': 0.923076923076923, 'support': 273}}",0.19719967246055603
700,70,P645,"(10326, 25)","(439, 25)","{0.0: 7025, 1.0: 3301}",{0.0: 439},0.8142201900482178,0.819196343421936,0.8142201900482178,0.8142201900482178,"[[355  81]
 [  0   0]]","{'0': {'precision': 1.0, 'recall': 0.8142201834862385, 'f1-score': 0.8975979772439949, 'support': 436}, '1': {'precision': 0.0, 'recall': 0.0, 'f1-score': 0.0, 'support': 0}, 'accuracy': 0.8142201834862385, 'macro avg': {'precision': 0.5, 'recall': 0.40711009174311924, 'f1-score': 0.44879898862199746, 'support': 436}, 'weighted avg': {'precision': 1.0, 'recall': 0.8142201834862385, 'f1-score': 0.8975979772439949, 'support': 436}}",0.2758476436138153
700,70,P812,"(8817, 25)","(1948, 25)","{0.0: 5843, 1.0: 2974}","{0.0: 1621, 1.0: 327}",0.8642673492431641,0.8645765781402588,0.8642673492431641,0.8642673492431641,"[[1417  201]
 [  63  264]]","{'0': {'precision': 0.9574324324324325, 'recall': 0.8757725587144622, 'f1-score': 0.9147837314396385, 'support': 1618}, '1': {'precision': 0.567741935483871, 'recall': 0.8073394495412844, 'f1-score': 0.6666666666666666, 'support': 327}, 'accuracy': 0.86426735218509, 'macro avg': {'precision': 0.7625871839581517, 'recall': 0.8415560041278733, 'f1-score': 0.7907251990531525, 'support': 1945}, 'weighted avg': {'precision': 0.8919163437423658, 'recall': 0.86426735218509, 'f1-score': 0.8730694485703523, 'support': 1945}}",0.26686179637908936
700,70,P876,"(10436, 25)","(329, 25)","{0.0: 7135, 1.0: 3301}",{0.0: 329},0.8343558311462402,0.7335068583488464,0.8343558311462402,0.8343558311462402,"[[272  54]
 [  0   0]]","{'0': {'precision': 1.0, 'recall': 0.8343558282208589, 'f1-score': 0.9096989966555183, 'support': 326}, '1': {'precision': 0.0, 'recall': 0.0, 'f1-score': 0.0, 'support': 0}, 'accuracy': 0.8343558282208589, 'macro avg': {'precision': 0.5, 'recall': 0.4171779141104294, 'f1-score': 0.45484949832775917, 'support': 326}, 'weighted avg': {'precision': 1.0, 'recall': 0.8343558282208589, 'f1-score': 0.9096989966555183, 'support': 326}}",0.23997768759727478
700,70,P940,"(9501, 25)","(1264, 25)","{0.0: 6200, 1.0: 3301}",{0.0: 1264},0.9484536051750183,0.9462499618530273,0.9484536051750183,0.9484536051750183,"[[1196   65]
 [   0    0]]","{'0': {'precision': 1.0, 'recall': 0.9484536082474226, 'f1-score': 0.9735449735449735, 'support': 1261}, '1': {'precision': 0.0, 'recall': 0.0, 'f1-score': 0.0, 'support': 0}, 'accuracy': 0.9484536082474226, 'macro avg': {'precision': 0.5, 'recall': 0.4742268041237113, 'f1-score': 0.48677248677248675, 'support': 1261}, 'weighted avg': {'precision': 1.0, 'recall': 0.9484536082474226, 'f1-score': 0.9735449735449736, 'support': 1261}}",0.08821962773799896
800,80,G04,"(8935, 25)","(353, 25)","{0.0: 6295, 1.0: 2640}","{1.0: 262, 0.0: 91}",0.4514285624027252,0.42031243443489075,0.4514285624027252,0.4514285624027252,"[[  7  81]
 [111 151]]","{'0': {'precision': 0.059322033898305086, 'recall': 0.07954545454545454, 'f1-score': 0.06796116504854369, 'support': 88}, '1': {'precision': 0.6508620689655172, 'recall': 0.5763358778625954, 'f1-score': 0.611336032388664, 'support': 262}, 'accuracy': 0.4514285714285714, 'macro avg': {'precision': 0.35509205143191114, 'recall': 0.327940666204025, 'f1-score': 0.3396485987186038, 'support': 350}, 'weighted avg': {'precision': 0.5021320030057611, 'recall': 0.4514285714285714, 'f1-score': 0.474716065743148, 'support': 350}}",1.188291072845459
800,80,G05,"(9070, 25)","(218, 25)","{0.0: 6168, 1.0: 2902}",{0.0: 218},0.7209302186965942,0.6611751914024353,0.7209302186965942,0.7209302186965942,"[[155  60]
 [  0   0]]","{'0': {'precision': 1.0, 'recall': 0.7209302325581395, 'f1-score': 0.8378378378378378, 'support': 215}, '1': {'precision': 0.0, 'recall': 0.0, 'f1-score': 0.0, 'support': 0}, 'accuracy': 0.7209302325581395, 'macro avg': {'precision': 0.5, 'recall': 0.36046511627906974, 'f1-score': 0.4189189189189189, 'support': 215}, 'weighted avg': {'precision': 1.0, 'recall': 0.7209302325581395, 'f1-score': 0.8378378378378378, 'support': 215}}",0.3954397439956665
800,80,G06,"(9074, 25)","(214, 25)","{0.0: 6248, 1.0: 2826}","{0.0: 138, 1.0: 76}",0.9146919250488281,0.9111841320991516,0.9146919250488281,0.9146919250488281,"[[128   7]
 [ 11  65]]","{'0': {'precision': 0.920863309352518, 'recall': 0.9481481481481482, 'f1-score': 0.9343065693430658, 'support': 135}, '1': {'precision': 0.9027777777777778, 'recall': 0.8552631578947368, 'f1-score': 0.8783783783783783, 'support': 76}, 'accuracy': 0.9146919431279621, 'macro avg': {'precision': 0.9118205435651479, 'recall': 0.9017056530214425, 'f1-score': 0.906342473860722, 'support': 211}, 'weighted avg': {'precision': 0.9143490894488201, 'recall': 0.9146919431279621, 'f1-score': 0.9141618180951214, 'support': 211}}",0.30334869027137756
800,80,G07,"(8895, 25)","(393, 25)","{0.0: 6322, 1.0: 2573}","{1.0: 329, 0.0: 64}",0.8717948794364929,0.7589285969734192,0.8717948794364929,0.8717948794364929,"[[ 13  48]
 [  2 327]]","{'0': {'precision': 0.8666666666666667, 'recall': 0.21311475409836064, 'f1-score': 0.3421052631578947, 'support': 61}, '1': {'precision': 0.872, 'recall': 0.993920972644377, 'f1-score': 0.9289772727272727, 'support': 329}, 'accuracy': 0.8717948717948718, 'macro avg': {'precision': 0.8693333333333333, 'recall': 0.6035178633713688, 'f1-score': 0.6355412679425837, 'support': 390}, 'weighted avg': {'precision': 0.8711658119658119, 'recall': 0.8717948717948718, 'f1-score': 0.8371844712305239, 'support': 390}}",0.4156084358692169
800,80,G08,"(7838, 25)","(1450, 25)","{0.0: 6289, 1.0: 1549}","{1.0: 1353, 0.0: 97}",0.21285417675971985,0.22056156396865845,0.21285417675971985,0.21285417675971985,"[[  82   13]
 [1126  226]]","{'0': {'precision': 0.06788079470198675, 'recall': 0.8631578947368421, 'f1-score': 0.12586339217191098, 'support': 95}, '1': {'precision': 0.9456066945606695, 'recall': 0.16715976331360946, 'f1-score': 0.284098051539912, 'support': 1352}, 'accuracy': 0.2128541810642709, 'macro avg': {'precision': 0.5067437446313281, 'recall': 0.5151588290252258, 'f1-score': 0.20498072185591149, 'support': 1447}, 'weighted avg': {'precision': 0.887981289939678, 'recall': 0.2128541810642709, 'f1-score': 0.2737094595288822, 'support': 1447}}",1.4376853704452515
800,80,G09,"(9010, 25)","(278, 25)","{0.0: 6108, 1.0: 2902}",{0.0: 278},0.9454545378684998,0.9013158082962036,0.9454545378684998,0.9454545378684998,"[[260  15]
 [  0   0]]","{'0': {'precision': 1.0, 'recall': 0.9454545454545454, 'f1-score': 0.9719626168224299, 'support': 275}, '1': {'precision': 0.0, 'recall': 0.0, 'f1-score': 0.0, 'support': 0}, 'accuracy': 0.9454545454545454, 'macro avg': {'precision': 0.5, 'recall': 0.4727272727272727, 'f1-score': 0.48598130841121495, 'support': 275}, 'weighted avg': {'precision': 1.0, 'recall': 0.9454545454545454, 'f1-score': 0.9719626168224299, 'support': 275}}",0.09031421691179276
800,80,G11,"(9114, 25)","(174, 25)","{0.0: 6248, 1.0: 2866}","{0.0: 138, 1.0: 36}",0.871345043182373,0.882872998714447,0.871345043182373,0.871345043182373,"[[113  22]
 [  0  36]]","{'0': {'precision': 1.0, 'recall': 0.837037037037037, 'f1-score': 0.9112903225806451, 'support': 135}, '1': {'precision': 0.6206896551724138, 'recall': 1.0, 'f1-score': 0.7659574468085107, 'support': 36}, 'accuracy': 0.8713450292397661, 'macro avg': {'precision': 0.8103448275862069, 'recall': 0.9185185185185185, 'f1-score': 0.8386238846945779, 'support': 171}, 'weighted avg': {'precision': 0.9201451905626133, 'recall': 0.8713450292397661, 'f1-score': 0.8806939276812483, 'support': 171}}",0.24248316884040833
800,80,P231,"(8941, 25)","(347, 25)","{0.0: 6039, 1.0: 2902}",{0.0: 347},0.9854651093482971,0.9869791865348816,0.9854651093482971,0.9854651093482971,"[[339   5]
 [  0   0]]","{'0': {'precision': 1.0, 'recall': 0.9854651162790697, 'f1-score': 0.9926793557833089, 'support': 344}, '1': {'precision': 0.0, 'recall': 0.0, 'f1-score': 0.0, 'support': 0}, 'accuracy': 0.9854651162790697, 'macro avg': {'precision': 0.5, 'recall': 0.49273255813953487, 'f1-score': 0.49633967789165445, 'support': 344}, 'weighted avg': {'precision': 1.0, 'recall': 0.9854651162790697, 'f1-score': 0.9926793557833089, 'support': 344}}",0.02659372054040432
800,80,P351,"(8001, 25)","(1287, 25)","{0.0: 5099, 1.0: 2902}",{0.0: 1287},0.9127725958824158,0.9166666865348816,0.9127725958824158,0.9127725958824158,"[[1172  112]
 [   0    0]]","{'0': {'precision': 1.0, 'recall': 0.9127725856697819, 'f1-score': 0.9543973941368078, 'support': 1284}, '1': {'precision': 0.0, 'recall': 0.0, 'f1-score': 0.0, 'support': 0}, 'accuracy': 0.9127725856697819, 'macro avg': {'precision': 0.5, 'recall': 0.45638629283489096, 'f1-score': 0.4771986970684039, 'support': 1284}, 'weighted avg': {'precision': 1.0, 'recall': 0.9127725856697819, 'f1-score': 0.9543973941368079, 'support': 1284}}",0.12086987495422363
800,80,P379,"(8813, 25)","(475, 25)","{0.0: 6073, 1.0: 2740}","{0.0: 313, 1.0: 162}",0.8580508232116699,0.8691405653953552,0.8580508232116699,0.8580508232116699,"[[282  28]
 [ 39 123]]","{'0': {'precision': 0.8785046728971962, 'recall': 0.9096774193548387, 'f1-score': 0.8938193343898574, 'support': 310}, '1': {'precision': 0.8145695364238411, 'recall': 0.7592592592592593, 'f1-score': 0.7859424920127797, 'support': 162}, 'accuracy': 0.8580508474576272, 'macro avg': {'precision': 0.8465371046605187, 'recall': 0.834468339307049, 'f1-score': 0.8398809132013185, 'support': 472}, 'weighted avg': {'precision': 0.8565608336838837, 'recall': 0.8580508474576272, 'f1-score': 0.8567938079807758, 'support': 472}}",0.7118898630142212
800,80,P551,"(8851, 25)","(437, 25)","{0.0: 6336, 1.0: 2515}","{1.0: 387, 0.0: 50}",0.900921642780304,0.9040178656578064,0.900921642780304,0.900921642780304,"[[ 10  39]
 [  4 381]]","{'0': {'precision': 0.7142857142857143, 'recall': 0.20408163265306123, 'f1-score': 0.31746031746031744, 'support': 49}, '1': {'precision': 0.9071428571428571, 'recall': 0.9896103896103896, 'f1-score': 0.9465838509316771, 'support': 385}, 'accuracy': 0.9009216589861752, 'macro avg': {'precision': 0.8107142857142857, 'recall': 0.5968460111317254, 'f1-score': 0.6320220841959973, 'support': 434}, 'weighted avg': {'precision': 0.8853686635944701, 'recall': 0.9009216589861752, 'f1-score': 0.8755537745720074, 'support': 434}}",0.3793606460094452
800,80,P623,"(9050, 25)","(238, 25)","{0.0: 6148, 1.0: 2902}",{0.0: 238},0.8851063847541809,0.8945311903953552,0.8851063847541809,0.8851063847541809,"[[208  27]
 [  0   0]]","{'0': {'precision': 1.0, 'recall': 0.8851063829787233, 'f1-score': 0.9390519187358917, 'support': 235}, '1': {'precision': 0.0, 'recall': 0.0, 'f1-score': 0.0, 'support': 0}, 'accuracy': 0.8851063829787233, 'macro avg': {'precision': 0.5, 'recall': 0.4425531914893617, 'f1-score': 0.46952595936794583, 'support': 235}, 'weighted avg': {'precision': 1.0, 'recall': 0.8851063829787233, 'f1-score': 0.9390519187358917, 'support': 235}}",0.1918787956237793
800,80,P645,"(8909, 25)","(379, 25)","{0.0: 6007, 1.0: 2902}",{0.0: 379},0.8191489577293396,0.8229166865348816,0.8191489577293396,0.8191489577293396,"[[308  68]
 [  0   0]]","{'0': {'precision': 1.0, 'recall': 0.8191489361702128, 'f1-score': 0.9005847953216375, 'support': 376}, '1': {'precision': 0.0, 'recall': 0.0, 'f1-score': 0.0, 'support': 0}, 'accuracy': 0.8191489361702128, 'macro avg': {'precision': 0.5, 'recall': 0.4095744680851064, 'f1-score': 0.45029239766081874, 'support': 376}, 'weighted avg': {'precision': 1.0, 'recall': 0.8191489361702128, 'f1-score': 0.9005847953216375, 'support': 376}}",0.30486613512039185
800,80,P812,"(7610, 25)","(1678, 25)","{0.0: 5005, 1.0: 2605}","{0.0: 1381, 1.0: 297}",0.8883582353591919,0.8889940977096558,0.8883582353591919,0.8883582353591919,"[[1250  128]
 [  59  238]]","{'0': {'precision': 0.9549274255156608, 'recall': 0.9071117561683599, 'f1-score': 0.9304056568663938, 'support': 1378}, '1': {'precision': 0.6502732240437158, 'recall': 0.8013468013468014, 'f1-score': 0.7179487179487178, 'support': 297}, 'accuracy': 0.8883582089552239, 'macro avg': {'precision': 0.8026003247796882, 'recall': 0.8542292787575807, 'f1-score': 0.8241771874075559, 'support': 1675}, 'weighted avg': {'precision': 0.9009081432248145, 'recall': 0.8883582089552239, 'f1-score': 0.8927341876971103, 'support': 1675}}",0.26047608256340027
800,80,P876,"(9004, 25)","(284, 25)","{0.0: 6102, 1.0: 2902}",{0.0: 284},0.854092538356781,0.8523749113082886,0.854092538356781,0.854092538356781,"[[240  41]
 [  0   0]]","{'0': {'precision': 1.0, 'recall': 0.8540925266903915, 'f1-score': 0.9213051823416507, 'support': 281}, '1': {'precision': 0.0, 'recall': 0.0, 'f1-score': 0.0, 'support': 0}, 'accuracy': 0.8540925266903915, 'macro avg': {'precision': 0.5, 'recall': 0.42704626334519574, 'f1-score': 0.46065259117082535, 'support': 281}, 'weighted avg': {'precision': 1.0, 'recall': 0.8540925266903915, 'f1-score': 0.9213051823416507, 'support': 281}}",0.21603883802890778
800,80,P940,"(8205, 25)","(1083, 25)","{0.0: 5303, 1.0: 2902}",{0.0: 1083},0.9712963104248047,0.970588207244873,0.9712963104248047,0.9712963104248047,"[[1049   31]
 [   0    0]]","{'0': {'precision': 1.0, 'recall': 0.9712962962962963, 'f1-score': 0.9854391733208079, 'support': 1080}, '1': {'precision': 0.0, 'recall': 0.0, 'f1-score': 0.0, 'support': 0}, 'accuracy': 0.9712962962962963, 'macro avg': {'precision': 0.5, 'recall': 0.48564814814814816, 'f1-score': 0.49271958666040394, 'support': 1080}, 'weighted avg': {'precision': 1.0, 'recall': 0.9712962962962963, 'f1-score': 0.9854391733208079, 'support': 1080}}",0.05405719205737114
900,90,G04,"(7832, 25)","(312, 25)","{0.0: 5492, 1.0: 2340}","{1.0: 235, 0.0: 77}",0.42718446254730225,0.42158013582229614,0.42718446254730225,0.42718446254730225,"[[  8  66]
 [111 124]]","{'0': {'precision': 0.06722689075630252, 'recall': 0.10810810810810811, 'f1-score': 0.08290155440414508, 'support': 74}, '1': {'precision': 0.6526315789473685, 'recall': 0.5276595744680851, 'f1-score': 0.5835294117647059, 'support': 235}, 'accuracy': 0.42718446601941745, 'macro avg': {'precision': 0.3599292348518355, 'recall': 0.3178838412880966, 'f1-score': 0.33321548308442545, 'support': 309}, 'weighted avg': {'precision': 0.5124375759501553, 'recall': 0.42718446601941745, 'f1-score': 0.4636379507786816, 'support': 309}}",1.352790355682373
900,90,G05,"(7953, 25)","(191, 25)","{0.0: 5378, 1.0: 2575}",{0.0: 191},0.6968085169792175,0.6986110806465149,0.6968085169792175,0.6968085169792175,"[[131  57]
 [  0   0]]","{'0': {'precision': 1.0, 'recall': 0.6968085106382979, 'f1-score': 0.8213166144200628, 'support': 188}, '1': {'precision': 0.0, 'recall': 0.0, 'f1-score': 0.0, 'support': 0}, 'accuracy': 0.6968085106382979, 'macro avg': {'precision': 0.5, 'recall': 0.3484042553191489, 'f1-score': 0.4106583072100314, 'support': 188}, 'weighted avg': {'precision': 1.0, 'recall': 0.6968085106382979, 'f1-score': 0.8213166144200628, 'support': 188}}",0.45654547214508057
900,90,G06,"(7956, 25)","(188, 25)","{0.0: 5449, 1.0: 2507}","{0.0: 120, 1.0: 68}",0.9351351261138916,0.9362207055091858,0.9351351261138916,0.9351351261138916,"[[113   4]
 [  8  60]]","{'0': {'precision': 0.9338842975206612, 'recall': 0.9658119658119658, 'f1-score': 0.9495798319327732, 'support': 117}, '1': {'precision': 0.9375, 'recall': 0.8823529411764706, 'f1-score': 0.9090909090909091, 'support': 68}, 'accuracy': 0.9351351351351351, 'macro avg': {'precision': 0.9356921487603306, 'recall': 0.9240824534942182, 'f1-score': 0.9293353705118411, 'support': 185}, 'weighted avg': {'precision': 0.9352133124860397, 'recall': 0.9351351351351351, 'f1-score': 0.9346974170503582, 'support': 185}}",0.28399431705474854
900,90,G07,"(7796, 25)","(348, 25)","{0.0: 5514, 1.0: 2282}","{1.0: 293, 0.0: 55}",0.8782608509063721,0.8174999356269836,0.8782608509063721,0.8782608509063721,"[[ 12  40]
 [  2 291]]","{'0': {'precision': 0.8571428571428571, 'recall': 0.23076923076923078, 'f1-score': 0.36363636363636365, 'support': 52}, '1': {'precision': 0.879154078549849, 'recall': 0.9931740614334471, 'f1-score': 0.9326923076923077, 'support': 293}, 'accuracy': 0.8782608695652174, 'macro avg': {'precision': 0.868148467846353, 'recall': 0.6119716461013389, 'f1-score': 0.6481643356643356, 'support': 345}, 'weighted avg': {'precision': 0.8758364451783603, 'recall': 0.8782608695652174, 'f1-score': 0.8469215567041654, 'support': 345}}",0.411816269159317
900,90,G08,"(6856, 25)","(1288, 25)","{0.0: 5484, 1.0: 1372}","{1.0: 1203, 0.0: 85}",0.4451361894607544,0.4431546926498413,0.4451361894607544,0.4451361894607544,"[[ 62  21]
 [692 510]]","{'0': {'precision': 0.08222811671087533, 'recall': 0.7469879518072289, 'f1-score': 0.14814814814814814, 'support': 83}, '1': {'precision': 0.96045197740113, 'recall': 0.4242928452579035, 'f1-score': 0.5885747259088285, 'support': 1202}, 'accuracy': 0.445136186770428, 'macro avg': {'precision': 0.5213400470560027, 'recall': 0.5856403985325662, 'f1-score': 0.36836143702848834, 'support': 1285}, 'weighted avg': {'precision': 0.903726233870164, 'recall': 0.445136186770428, 'f1-score': 0.5601269391740921, 'support': 1285}}",1.289881944656372
900,90,G09,"(7901, 25)","(243, 25)","{0.0: 5326, 1.0: 2575}",{0.0: 243},0.9541666507720947,0.9505208134651184,0.9541666507720947,0.9541666507720947,"[[229  11]
 [  0   0]]","{'0': {'precision': 1.0, 'recall': 0.9541666666666667, 'f1-score': 0.9765458422174841, 'support': 240}, '1': {'precision': 0.0, 'recall': 0.0, 'f1-score': 0.0, 'support': 0}, 'accuracy': 0.9541666666666667, 'macro avg': {'precision': 0.5, 'recall': 0.47708333333333336, 'f1-score': 0.48827292110874204, 'support': 240}, 'weighted avg': {'precision': 1.0, 'recall': 0.9541666666666667, 'f1-score': 0.9765458422174841, 'support': 240}}",0.07922002673149109
900,90,G11,"(7993, 25)","(151, 25)","{0.0: 5447, 1.0: 2546}","{0.0: 122, 1.0: 29}",0.8040540814399719,0.8489583134651184,0.8040540814399719,0.8040540814399719,"[[90 29]
 [ 0 29]]","{'0': {'precision': 1.0, 'recall': 0.7563025210084033, 'f1-score': 0.8612440191387559, 'support': 119}, '1': {'precision': 0.5, 'recall': 1.0, 'f1-score': 0.6666666666666666, 'support': 29}, 'accuracy': 0.8040540540540541, 'macro avg': {'precision': 0.75, 'recall': 0.8781512605042017, 'f1-score': 0.7639553429027113, 'support': 148}, 'weighted avg': {'precision': 0.902027027027027, 'recall': 0.8040540540540541, 'f1-score': 0.8231173757489547, 'support': 148}}",0.351789653301239
900,90,P231,"(7842, 25)","(302, 25)","{0.0: 5267, 1.0: 2575}",{0.0: 302},0.9899665713310242,0.9906250238418579,0.9899665713310242,0.9899665713310242,"[[296   3]
 [  0   0]]","{'0': {'precision': 1.0, 'recall': 0.9899665551839465, 'f1-score': 0.9949579831932773, 'support': 299}, '1': {'precision': 0.0, 'recall': 0.0, 'f1-score': 0.0, 'support': 0}, 'accuracy': 0.9899665551839465, 'macro avg': {'precision': 0.5, 'recall': 0.49498327759197325, 'f1-score': 0.49747899159663866, 'support': 299}, 'weighted avg': {'precision': 1.0, 'recall': 0.9899665551839465, 'f1-score': 0.9949579831932774, 'support': 299}}",0.01853189803659916
900,90,P351,"(7024, 25)","(1120, 25)","{0.0: 4449, 1.0: 2575}",{0.0: 1120},0.9194270372390747,0.921875,0.9194270372390747,0.9194270372390747,"[[1027   90]
 [   0    0]]","{'0': {'precision': 1.0, 'recall': 0.9194270367054611, 'f1-score': 0.9580223880597015, 'support': 1117}, '1': {'precision': 0.0, 'recall': 0.0, 'f1-score': 0.0, 'support': 0}, 'accuracy': 0.9194270367054611, 'macro avg': {'precision': 0.5, 'recall': 0.45971351835273055, 'f1-score': 0.47901119402985076, 'support': 1117}, 'weighted avg': {'precision': 1.0, 'recall': 0.9194270367054611, 'f1-score': 0.9580223880597014, 'support': 1117}}",0.12947024405002594
900,90,P379,"(7729, 25)","(415, 25)","{0.0: 5297, 1.0: 2432}","{0.0: 272, 1.0: 143}",0.8737863898277283,0.8810585737228394,0.8737863898277283,0.8737863898277283,"[[249  20]
 [ 32 111]]","{'0': {'precision': 0.8861209964412812, 'recall': 0.9256505576208178, 'f1-score': 0.9054545454545454, 'support': 269}, '1': {'precision': 0.8473282442748091, 'recall': 0.7762237762237763, 'f1-score': 0.8102189781021899, 'support': 143}, 'accuracy': 0.8737864077669902, 'macro avg': {'precision': 0.8667246203580452, 'recall': 0.850937166922297, 'f1-score': 0.8578367617783677, 'support': 412}, 'weighted avg': {'precision': 0.8726565217815591, 'recall': 0.8737864077669902, 'f1-score': 0.8723994820288492, 'support': 412}}",0.6491619944572449
900,90,P551,"(7758, 25)","(386, 25)","{0.0: 5523, 1.0: 2235}","{1.0: 340, 0.0: 46}",0.9060052037239075,0.9059605598449707,0.9060052037239075,0.9060052037239075,"[[  9  35]
 [  1 338]]","{'0': {'precision': 0.9, 'recall': 0.20454545454545456, 'f1-score': 0.33333333333333337, 'support': 44}, '1': {'precision': 0.9061662198391421, 'recall': 0.9970501474926253, 'f1-score': 0.949438202247191, 'support': 339}, 'accuracy': 0.9060052219321149, 'macro avg': {'precision': 0.9030831099195711, 'recall': 0.6007978010190399, 'f1-score': 0.6413857677902621, 'support': 383}, 'weighted avg': {'precision': 0.9054578290482225, 'recall': 0.9060052219321149, 'f1-score': 0.8786585306226224, 'support': 383}}",0.3719370365142822
900,90,P623,"(7935, 25)","(209, 25)","{0.0: 5360, 1.0: 2575}",{0.0: 209},0.8834951519966125,0.9062499403953552,0.8834951519966125,0.8834951519966125,"[[182  24]
 [  0   0]]","{'0': {'precision': 1.0, 'recall': 0.883495145631068, 'f1-score': 0.9381443298969072, 'support': 206}, '1': {'precision': 0.0, 'recall': 0.0, 'f1-score': 0.0, 'support': 0}, 'accuracy': 0.883495145631068, 'macro avg': {'precision': 0.5, 'recall': 0.441747572815534, 'f1-score': 0.4690721649484536, 'support': 206}, 'weighted avg': {'precision': 1.0, 'recall': 0.883495145631068, 'f1-score': 0.9381443298969072, 'support': 206}}",0.19075624644756317
900,90,P645,"(7811, 25)","(333, 25)","{0.0: 5236, 1.0: 2575}",{0.0: 333},0.8181818127632141,0.84375,0.8181818127632141,0.8181818127632141,"[[270  60]
 [  0   0]]","{'0': {'precision': 1.0, 'recall': 0.8181818181818182, 'f1-score': 0.9, 'support': 330}, '1': {'precision': 0.0, 'recall': 0.0, 'f1-score': 0.0, 'support': 0}, 'accuracy': 0.8181818181818182, 'macro avg': {'precision': 0.5, 'recall': 0.4090909090909091, 'f1-score': 0.45, 'support': 330}, 'weighted avg': {'precision': 1.0, 'recall': 0.8181818181818182, 'f1-score': 0.9, 'support': 330}}",0.31832101941108704
900,90,P812,"(6674, 25)","(1470, 25)","{0.0: 4363, 1.0: 2311}","{0.0: 1206, 1.0: 264}",0.8922972083091736,0.8925479650497437,0.8922972083091736,0.8922972083091736,"[[1090  113]
 [  45  219]]","{'0': {'precision': 0.960352422907489, 'recall': 0.9060681629260183, 'f1-score': 0.9324208725406331, 'support': 1203}, '1': {'precision': 0.6596385542168675, 'recall': 0.8295454545454546, 'f1-score': 0.7348993288590604, 'support': 264}, 'accuracy': 0.8922972051806408, 'macro avg': {'precision': 0.8099954885621783, 'recall': 0.8678068087357365, 'f1-score': 0.8336601006998468, 'support': 1467}, 'weighted avg': {'precision': 0.9062362256789109, 'recall': 0.8922972051806408, 'f1-score': 0.8968750732686935, 'support': 1467}}",0.2717798054218292
900,90,P876,"(7895, 25)","(249, 25)","{0.0: 5320, 1.0: 2575}",{0.0: 249},0.8780487775802612,0.880642294883728,0.8780487775802612,0.8780487775802612,"[[216  30]
 [  0   0]]","{'0': {'precision': 1.0, 'recall': 0.8780487804878049, 'f1-score': 0.9350649350649352, 'support': 246}, '1': {'precision': 0.0, 'recall': 0.0, 'f1-score': 0.0, 'support': 0}, 'accuracy': 0.8780487804878049, 'macro avg': {'precision': 0.5, 'recall': 0.43902439024390244, 'f1-score': 0.4675324675324676, 'support': 246}, 'weighted avg': {'precision': 1.0, 'recall': 0.8780487804878049, 'f1-score': 0.9350649350649352, 'support': 246}}",0.1990899294614792
900,90,P940,"(7205, 25)","(939, 25)","{0.0: 4630, 1.0: 2575}",{0.0: 939},0.9829059839248657,0.9802083373069763,0.9829059839248657,0.9829059839248657,"[[920  16]
 [  0   0]]","{'0': {'precision': 1.0, 'recall': 0.9829059829059829, 'f1-score': 0.9913793103448275, 'support': 936}, '1': {'precision': 0.0, 'recall': 0.0, 'f1-score': 0.0, 'support': 0}, 'accuracy': 0.9829059829059829, 'macro avg': {'precision': 0.5, 'recall': 0.49145299145299143, 'f1-score': 0.49568965517241376, 'support': 936}, 'weighted avg': {'precision': 1.0, 'recall': 0.9829059829059829, 'f1-score': 0.9913793103448276, 'support': 936}}",0.0325099341571331
